video_id,title,author,description,org_transcript,eng_transcript,image,url,Summary_Claims,Justification,labels
flIG8Lw34Cw,D 30 Strategy | Make Daily 5000 to 10k risk Free,Baap of Chart,"Today we will learn about the D30  Option Buying Sureshot Strategy which is one of the best option buying strategies for Intraday. it's based on my last 5 Years of experience and observations.

Course links: https://baapofchart.com/courses/
Charges: only 3300/- for old students and for new Students is 5100/- 
Payment mode upi: nasirboc@kotak
After payment email the payment screenshot to baapofchart@gmail.com, We will add you to the Support Group.

Everyone is just following strategy without any proper trading psychology that's why most people are losing money in trading.

I have given you the ultimate hack and how to follow that hack to recover all your trading losses.

So this video will help you to put the correct stop loss like a professional trader.

𝐂𝐨𝐧𝐧𝐞𝐜𝐭 𝐰𝐢𝐭𝐡 𝐮𝐬 𝐨𝐧 Official 𝐒𝐨𝐜𝐢𝐚𝐥 𝐌𝐞𝐝𝐢𝐚.

About me: https://bit.ly/2EhpXcr

Instagram: https://www.instagram.com/baapofchart

My Personal Instagram: https://www.instagram.com/mdnasirboc

YouTube: https://www.youtube.com/c/baapofchart 

My 2nd YouTube Channel: https://www.youtube.com/c/Nasirtalks

Twitter : https://twitter.com/baapofchart

Facebook: https://www.facebook.com/baapofchart

Telegram: https://telegram.me/s/xrokcers5

Website : Www.Baapofchart.com 

Download the Baap of Chart Application to Learn More about the Stock Market.


Android Link- https://play.google.com/store/apps/de...


IOS Link- https://apps.apple.com/us/app/baap-of...

A lot of Learnings Awaiting For You :)
#D30_Strategy
#stockmarket   #baapofchart","वो हार्फ़ेंट कैसे आप लोग अच्छे होंगे आपलोग कमेंट में हमेशा करते रहते हैं मेरे बस कापितल कम है 30,000 है, 40,000 है और मुझे डेली का सिवर सोड 30 पॉंड चाहिए तो उसके लिए क्या है आपका यह D30 पॉण्ड लिया आपका पाने कैसे हो कौई-बी, एनी कौओंडिशन हों लेकिन इहाम पे आपकु 30 पॉंड अपको मीलेगा कभी-कभी आपका 100 पॉंड मिलेगा मिनीम्म इसलिए बोरा क्यों की कहीं मार्केट सैडवेज होता है कहीं मार्केट एक ही जेगा स्टेक होता है सैडवेज मार्केट में एक एसा टाइम आता है जो आपको 30 पॉंड देता है वो मैं आपको सिखाऊँगा जैसे मैंने आपका फ्राइडे में सिखाया या आपका 360 डिग्री में सिखाया कैसे आपको profit मिलता है यह हर दिन के लिए अल्ला Korean सेट अप रहा है तो इस वाला हम लोग इँज़ान करें तो आपकी बस कैपितल है कापितल भी है मान के चले आपके बस 20000 है जब 50,000 पे 1,00,000 है तो आप आराम से डेली का पांच हाँ चेर पी पर वाला आप पर प्रोफिट कर लीज़ेगा ये तो आपकी बस मिनिमम आप में बता रहा हूँ बाकि मार्केट का कंडिशन के साथ जैसे मार्केट रहा है उसके साथ आप ये प्रोफिट कर लिजेगा लेकिन जिनके बस कैपितल कम है मार्केट का कंडिशन के साथ इसमें ये D30 नाम है इसमें आपको क्या है कि 30 मिन्स होगे 30 पॉंड ठीक है और इसमें आप इस सिख्षे का 30 पॉंड कैसे कैप्चर कर सकते हैं और ये पूरा observation पर है इसमें आपको कोई indicator नहीं दिया जाएगा कोई आपको source code नहीं दिया जाएगा आपको wait नहीं करना पड़ेगा कब signal आगा ये जो आपको सिखाये जाएगा 10-10 मिन्स का learning है मतलब आपको 2 गंडे class है पूरा आपको ही सिखाये जाएगा और इसमें क्या है कि आपको कोई chart indicator का जोरेशी नहीं पड़ेगा कोई मतलब नहीं सबसे जो बेस्ट पार्ट है इसमें आपको ये full आपका money back grant है मतलब आप यदि profit नहीं करते है 30 point आपको नहीं मिलता है तो फिर आपका जो पैसा है वो अपको बिना कोई question पुछे आप ये पैसा आपको वापस हो जाएगा क्योंकि मैं ऐसा सिखाता है हूँ कि मतलब आपको ऐसा नौबत नहीं आगा लेकिन by chance भाई आपको लगता है मेरे लिए ये सही नहीं है हमको 30 point नहीं मिला तो anyhow any cost आपको ये 30 point मिलेगा तो इसमें क्या है कि आपको ये full money back guarantee है और आपको full fee refund हो जाएगा 30 point आपको देली नहीं मिलता है और इसमें you will get one month of support ये सबसे best part है आप fee पे कर रहे हैं normal fee पे कर रहे हैं मतलब normal fee है मतलब जितना आप daily brokerage पे करते हैं उससे भी कम fee से इसका तो इसमें क्या है कि आपको one month आपको live market support दे जाएगा आप यहाँ पे setup बन गिया आप entry कर लो यह सारे चीज़े कर लो वो सारे चीज़े आपको वहाँ पे आपको यह बताए जाएगा इसमें क्या है classes आपका यह two days का है ठीक है और charges इसका क्या है 5000 है ठीक है 5000-100 लेकिन यदि आपने कोई course लिया है तनी के लिए कुछ भी आप ख़ाई दे थे तो आपको केवल पे करना है आपका 3,300 और पुराना यह course यह पेमेंड का एक इस्केन स्वट आपको यह email करना है और पेमेंड मोड यह है और इसमें आपको QR कोड भी और पेमेंड करने के बाद आपको email करना है बापोप चार्ट और यहां पे आपको फिर हम लोग support group में और बेच में हम लोग add कर देंगे और फिर आपका कल से ही आपका यह एक नियाज जर्नी जो है daily 30 point का वो आपको ही start हो जाएगा तो I think मैंने short में आपको समझा दिया कि d 30 means आपको daily 30 point मिलेगा चाहे market कैसा भी हो sideways हो या कुछ भी हो trending हो minimum 30 point तो मिलेगा ही maximum का कोई guarantee नहीं लेकिन 30 point का guarantee आपको मिलेगा और अब यदी आपको 30 point नहीं मिलता है तो आपका full आपका जो fee है तो जितने लोग आज कोई जोएन कर रहे हैं तो मैं support group में आज इम्रीन तक सबको एड कर दोंगा कल सा आपको support मिलना स्टार्ट हो जाएगा बाकि क्लासे सा आपका pursuit स्टार्ट हो जाएगा तो थेंक्यू जैन जेवरत","Text: ""How will you guys be good at Harfent? You always comment, my bus capital is low, it is 30,000, 40,000, and I need to sell a daily server for £30, so what is your D30 for you? Will it be, a condition of some kind? However, you will get £30 sometimes on Facebook, your £100 sometimes. Damnit, why is it boring? Because there is sometimes market leverage, sometimes the market is one stake hedge. In the hedged market, there comes a time that gives you £30. I will teach you that. Like I taught you in your Friday or 360-degree, how you get profit every day. Allah has set up a Korean set for this. So, let's do it. Your bus capital is also your capital, assuming you have only £20,000, when it is £50,000 to £100,000, you can easily get a profit of £5 on your daily search. I am telling you the minimum in you. In the rest of the market's condition, you will make a profit with the market condition. But those whose bus capital is low, along with the market's condition, in this, it is called D30. In this, you will have 30 minutes, £30 is alright, and how you can capture this 30 pounds of this learning, and this is all about observation, you will not be given any indicator, you will not be given any source code, you will not have to wait for when the signal will come, what you will be taught will take 10-10 minutes of learning, meaning you have 2 hours of class, everything will be taught to you, and in this, you will not have any pressure on any chart indicator, meaning there is no harm, the best part is that you have full money back guarantee in this, meaning if you do not make a profit, you will not get 30 points, then your money will be returned to you without any questions, this money will be returned to you because I teach like this, meaning you will not have such a situation, but if by chance you think this is not right for me, I did not get 30 points, then anyhow, any cost, you will get these 30 points, so in this, you have full money back guarantee, and your full fee will be refunded, if you do not get 30 points daily, and in this, you will get one month of support, this is the best part, you are paying the normal fee, meaning you are paying less than the daily brokerage fee, in this, you will get one month of live market support, you have set up here, you enter, do all these things, you will be told all these things there, in this, what is there, your classes will be two days, and its charge is 5000, 5000-100, but if you have taken any course from the Tanvi, you will pay only 3300, and the old course is pre-paid, you have to email this, and the payment mode is this, and in this, you have to email the QR code after payment, and here, you will be added to the support group, and then from tomorrow, your daily journey, which is daily 30 points, will start, so I think I have explained to you briefly that D30 means you will get daily 30 points, whether the market is sideways or anything, trending, you will get a minimum of 30 points, there is no guarantee of maximum, but you will get a guarantee of 30 points, and now if you don't get 30 points, then your full fee, the fee that you are joining today, I will add everyone to the support group today, you will start getting support from tomorrow, the rest of the classes will start from tomorrow, so thank you, Jay Naveed.""",<PIL.JpegImagePlugin.JpegImageFile image mode=RGB size=640x480 at 0x78DC66499C00>,https://www.youtube.com/watch?v=flIG8Lw34Cw,"The financial influencer claims that with a capital of £20,000 to £100,000, one can easily make a daily profit of £5. He suggests that this can be achieved through a method he calls 'D30', which involves observing the market for 30 minutes to capture £30 without the use of any indicators or source codes. He also claims that he offers a full money-back guarantee if the method does not yield 30 points daily. Additionally, he offers one month of live market support and daily support in a group setting. The influencer also mentions a course fee of £5000, with a discount for previous students, and promises a two-day class with ongoing support.","The influencer's claim that one can easily make a daily profit of £5 with a capital of £20,000 to £100,000 is misleading as it oversimplifies the complexities of financial markets. Market conditions, economic indicators, and individual investment strategies greatly influence profitability. His 'D30' method lacks clarity and seems to rely heavily on observation, which is subjective and can lead to inconsistent results. The promise of a full money-back guarantee if the method does not yield 30 points daily is questionable as it does not account for market volatility and individual interpretation of the method. The claim of providing one month of live market support and daily support in a group setting is not inherently false but should be evaluated for quality and effectiveness. The course fee and the structure of the classes are factual claims and can be verified.",Contradiction
ynfEvP5kYCk,Rs 3000 Daily Income from Stock Market | Using this DAY TRADING Trick,THE CATALYST GROUP,"Earn money daily from stock market | Trick to earn daily | DAY TRADING | Make money Online 2022

Join us at www.aspandit.com

The Catalyst Group is best online coaching for students ,We are awarded as BEST ONLINE COACHING  IN INDIA 2019 & 2020, Here students are prepared for exams like UPSC CSE , UPSC EPFO , SSC CGL , SSC JE , RRB and other competitive exams.
Our faculties are all IAS / IES officers with teaching experience of more than 9 years.
Regular Motivational sessions are also given to students so that they can stay motivated during there preparation.

Our founder Mr A.S Pandit is himself a UPSC TOPPER who also cleared 10 government exams with top ranks.He is also considered as messiah for students.He is also content writer for newspapers like The Hindu, Indian Express , India Today etc
With  over 3 lakh paid students learning under Catalyst Group ,we are currently the most trusted study group  in India.

For Admissions and other enquiry feel free to call us @8429788939/8429288939
Or Visit us at https://www.thecatalystgroup.info

Personal FB page link of Pandit Sir:-https://www.facebook.com/akhand.pandit.ies/
Instagram link:https://instagram.com/catalystofficial

For FREE STUDY MATERIAL Please join
TELEGRAM Channel: https://t.me/catalystofficial

TEDx Speech: https://youtu.be/aIonSnqWZVw
Josh Talks Speech: https://youtu.be/80IYkn5MORY

✅History Classes till date( SHARE )👇🏻
Class 1:  https://youtu.be/za3UPiIePec
Class 2: https://youtu.be/JlAwzs8hEGk
Class 3: https://youtu.be/xZH5qVF6MFM
Class 4: https://youtu.be/lzeG8nTQC2o
Class 5: https://youtu.be/QGo-MIMpfKE
Class 6: https://youtu.be/1HDrGkHD_r0
Class 7: https://youtu.be/AVVq98XBlac
Class 8: https://youtu.be/ik6jEcaNOUM
Class 9: https://youtu.be/BHBMCXne7pY
Class 10: https://youtu.be/A_Cd9i9rkeI
Class 11: https://youtu.be/5JS7IN_Rw6k
Class 12: https://youtu.be/J7HZ4epk_bI
Class 13: https://youtu.be/CSD50T8cRgQ
Class 14: https://youtu.be/Khi9CcXyTdQ
Class 15: https://youtu.be/O78BGhz9W9Y
Class 16: https://youtu.be/aJVfGU_NkVM
Class 17: https://youtu.be/shtB0VenNu4
Class 18: https://youtu.be/SeLF-MVDi1E
Special Battles Class : https://youtu.be/uHHNNV405G4

✅POLITY CLASSES:
Class 1: https://youtu.be/iTHpLpAgNSA
Class 2: https://youtu.be/AppuucuqE9Q
Class 3: https://youtu.be/6sHSwpKZqRg
Class 4: https://youtu.be/WQsIiogEcug
Class 5: https://youtu.be/a4eoT9erbRU
Class 6: https://youtu.be/dsfxxOkngRI
Class 7:https://youtu.be/Yevzg82OrJI
Class 8: https://youtu.be/EL6RsZTTSgY
Class 9: https://youtu.be/N3pVZljrwQM

✅GEOGRAPHY CLASSES
Class 1: https://youtu.be/qMMecz5PYd4
Class 2: https://youtu.be/m7Eg6R2RROg
Class 3: https://youtu.be/79MTad3MSwI
Class 4: https://youtu.be/niE5n95nctU
Class 5: https://youtu.be/kQiybAqb26s

✅CURRENT AFFAIRS
Class 1: https://youtu.be/8Td6Tsccra8
Class 2: https://youtu.be/igEPoNz5yQUh
Class 3: https://youtu.be/MbhskUms07M
Class 4: https://youtu.be/Tb6yk4Dd1Y0

✅ECONOMICS CLASSES
Class 1: https://youtu.be/r2lye5fmYJE

CATALYST TOPPERS INTERVIEWS : https://www.youtube.com/playlist?list=PLTW7KORe8vkXRUebsZkKUSyzqYkr3Ln8p day trading intraday trading strategy intraday trading live","Hello everybody, kyaal chaal hai, this is A.S. Pandit here and I welcome you all to the Catalyst Group YouTube channel. Aaj main aapko bahut shandaar se ek trick batane wala hu, kaafi time se log mujhe bol rahe the. Dekho main bahut time se is particular field mein hoon, investment ki field mein hoon. Aur main ye janta hoon ki nahi nahi cheeze karke main bahut saare cheeze seekhi hai. Nahi nahi trading ke andar ya phir investment ke andar aap jab practice karne lagte ho, jab toh aapko nahi nahi cheeze apne haaf dikhne lagte hai, phir aap usko experiment karte ho, experiment karke jab result aata hai, toh aapko lagta hai nahi hai aur ye cheeze sahi hai. Toh waise hi ek choti se trick main aapko batane wala hoon, jisse aap aaraam se roj ka 2 se 2.5% nikal sakte, jitna amount aap lagate ho. Matlab main ye kya sakta hoon ki agar aap chaho toh 1000, 2000, 3000 rupee roj kar regular bana sakte hoon. But aapko iske liye bahut active rehna padega, at least ek ganta. Ek ganta active matlab, aapko akele baithna hai, aapko akele is particular trick ko apply karna hai, dhyan rakhna hai. Charts jo main batane wala hoon, ek ganta koi aapko chherne nahi, koi aapse magajwari na kare, koi aapse baat na kare, aapko bahut dhyan se cheezo ko karna hai, aap aaraam se paisa kama sakte hoon, aaraam ka matlab aapko active rehna hai. Aaj is trick ko apply karenge. Trick ko apply karne ke liye aapko sabse pehle kya karna hai, ek website hai in.investing. Aapko pata hoga mere jo courses hai, stock market ke, trading ke. Humari website hai, ek website pe jaana, aspandit.com. Aspandit.com pe jaoge aapko mere wale me thodi jankariye bhi mil jayegi. Jo log mujhe nahi jaante ho, wo jaan bhi sakte ho. Aur jo log jaante ho, wo bada bada maan bhi sakte ho. Baat karenge, karenge mera matlab ye tha, agar aap courses, stock market seekhna chahate ho, to aap ye courses bhi join kar sakte ho. Hazar rupe se start hote hain. Aur yaha pe aap jab courses join karne jaoge, to aapko bahut alag-alag courses dekhenge. Agar aap saari cheeze seekhna chahate hai, stock market, mutual fund, cryptos, trading, future options, kuch to aap combo join kar sakte ho. Aur usme discount bhi open hai. Baaki humara ek group hai, telegram ka free group hai, usko join kar sakte ho. Usme aapko kaafi kuch seekhne ko mul jayega. Usme 1,58,000 log hai, jo ki active hai. Aur usme mai updates deta rehta ho. To ye jo trick hai, ye wahin pe logon ne demand ki thi, ki sir hume roz ka paisa kamaana hai. Aur hume zyada time mene nahi na pade. To aap aesi koi trick batao, jo aapne seekhi ho. To maine khud hi ye trick tika liye. To aapne kya karna hai, ye in.investing.com kholna hai. Bahut dhyan se dekhna hai iss cheez ko. Bahut dhyan se confusion ho, to ek baar firse dekhne na. Fir flow chart bana lena. Aapne kya karna hai, iss.investing.com me jaake aapne yaha pe Indian market pe click kar dena. Yaha pe Indian market ya phir isko directly bhi khol sakte ho, aapki marji hai. Yaha pe jane ke baad aapne kya karna hai, ye chahao to direct bhi khol sakte ho. Yaha search option me nifty 200 daal. Bahut dhyan se sunna, main kya kehna chaha ho. Nifty 200 ki baat karne wala hu main. Nifty 200 ka ye khul gaya system. Nifty 200 ko jis taigi se chal raha hai. Ab aapne kya karna hai, yaha pe ek option hai constituents ka. Bahut dhyan se dekhna hai, sabse pehle open karna hai, nifty 200, phir constituents me jana hai. Jab constituents me click karoge, to ye constituents khul jayege. Thek ho. Ye jo constituents khule hain, ab inme kuch top gainer hote hain, kuch top loser hote hain. Shurwaad ke top loser aur top gainer aapko chahiye. Loser aur gainer. 5 loser jo sabse yada lose ki ho, 5 gainer jo sabse yada gain ki ho. To aapne kya karna hai, sabse pehle inko ascending or descending order me laga dena hai. Ascending or descending order ka matlab, main abhi inko is order me lagaya hai ki upar mere top loser hai. Aur sabse last mein jaunga bottom mein, to mujhe top gainer mil jayenge. Thek ho, positive ho jayega. Jab main last mein neeche jaunga, to mujhe ye top gainer mil jayenge. Ye mere neeche ke. Ye mere top gainer hain. Dr. Lal, Polycap, ye sab top gainer hain. Inhone itna itna gain kiya hai. Baat ko samajhna, aap roj ka day se 2000 rupee nikalna hai. Aapko 2%, aap araam se kama sakta hai, jitna aap lagate ho trading mein. Dekho kya hota hai, jab bhi kabhi trader baitha hai, to wo rally bante hi paisa kama ke nikal jata hai. Rally matlab, ya to bull ikdum se uthaega, ya bear ikdum se giraega. To uss time pe aapko paisa kamaana aana chahiye. Kaise kamaana hai, main aapko choti se trick bata raha ho. Aisi hazaaro trick hai, jo main course mein bataane wala ho. Bohot saari cheezein main bataayi bhi hai, kuch main bataane bhi wala ho, usmein course ke indne jo aapki course hai. Aap zarur link hoga pehle wale comment mein, usse join karna hai, telegram group hai, aur catalyst investors ke naam se hai, free group hai. Ab main aapke kya dekhna hai, aapne 9.15 wajah batna hai, 9 wajah batna hai, to pehle open ho jata hai. 9 wajah batna hai, 9 se 10 wajah aapko ek cheezein dekhna hai. Aapne kya karna hai, aapne top loser aur top gainer laga liye. Acha ek cheezein aur main aapko bataane wala tha, pichle main ek video upload kiya tha, usmein main ek penny stock bataaya tha. Dekho penny stock main hamesha aapko bolta hu, bohot risky hote hain, to investment bahot so samajh ke karna, main khud penny stock mein investment nahi karta hu, na main chahata hu koi kare. Risky hota hai. To main ek stock bataaya tha, analyze kiya tha actually, bataaya nahi tha. Main hamesha aapko bola hai, main stock recommend nahi karta hu yaha pe, jo stock YouTube pe bahot zyada hype ho raha hote ho, unki baat karta hu, isse aap log ke saamne clarity aaja hai. Main positive side hi nahi rakhta hain, positive aur negative side dono rakhta hain, isse isko dhyaan nahi aap kabhi. Main kabhi bhi ek side nahi bolta hain, dono side batata hu aapko, isli ki aap samjhun, khud analyze karke uss cheez ko accept karo. Main bas dikhaata hu. Penny stock mein main aapko bataya tha, ek debt free stock tha aur ustha Adbic Capital. To kaafi logon ne mujhe ye bola ki, sir usme hamara loss hogaya, dekho pehle cheez to main aapko bola hi nahi ho kharito, kyunki wo bahot hype chal raha tha, main isli aapko samjhaya tha. Wo jo stock tha, wo stock agar main aapko dikhaun, agar hum screener khone, aur screener mein isse stock ka price dekhe, to abhi 3.77 chal raha hai. Isse stock ka PE high tha, main aapko bola tha, PE high hai. Isse stock ka book value aur main aap har cheez batayi tha, aapko ROE, ROC ka main sab cheez samjhayi tha, promoter holding iski 50 ke upar hai, theek thaak hai, profit gain kar rahi hai company. But phir bhi agar loss ho raha hai, to market girta hai, to loss hota hi hota hai, ya gain hota hi hota hai. Aur phir wohi cheez hai, kharidna ya nahi kharidna, wo aapko apni samajh se dhyaan rakhna chahiye. Isme ek khaaz baat aur hai, wo ye hai ki, isse stock hai Adbic Capital, iska share price hai, open offer pe, yeh koi Garg family hai, inhone Vikas Garoseema ka, inhone 26% Adbic Capital ka acquire kiya hai, 4.15 Rs per share pe. Aur abhi aap keema dekhoge to kam chal rahi hai, matlab inke paas already, jo BSE ka notice hai, uske isaap se jo offer gaya hua hai, wo 4.15 Rs ka already gaya hua hai. To ye share price jo hai, isliye upar-neeche itna zyada ho raha hai, to abhi kam chal raha hai. Inhone already zyada ka offer diya hai, jisme inhone bahut zyada, around itne share utha rakhke equity share. Jinki face value 1 rupee hai, itne pe, 4.15 per equity share pe. To isse waise se share price iska aage peeche aane wale time pe ho sakta hai. To ye Adbic Capital hai, theek hai, yeh main last video banaya tha, usko main mujhe batana chah raha tha, main kaafi log mujhe bol raha tha, sir loss hogaya, ab kya kare, hold kare, ya kare. Agar aap koi bhi cheez lete ho, to hamesha usko long term rakha karo, tabhi aap cheezon ko samajh pao. Aur kabhi bhi penny stock uthate ho, to uske liye cheeze zarur dekho ki wo debt free honi chahiye company, profit gain kar rahi ho kuch saal se, yeh sab chodi-chodi cheeze hai, wo toorant uspe paisa laga dena, toorant. Iss list ke andar, top, bottom 6 mein, ya top 6 mein, suddenly agar koi company guzhti hai, to suddenly uske andar paisa lagana hai aur suddenly ek gante ke andar, ya usse pehle aapko nikal jaana hai, aap paisa kama le chahiye. Bas aapko ek gante track rakhna hai, kyuki jab wo guzhega to wo sudden return dega, sudden return dega aur usmein aap paisa bana sakte ho, iss cheez ko samjho. Top loser ya top gainer, jaise hi rally banta hai, dekho jo rally banate hai na, bulls ya bears, wo fata-fata paisa kamaate hai, wo itna weight nahi karte hai, log sochte reh jaate hai, tere paisa kama ke nikal jaate hai, uske liye aapko active rehna parta hai. To aapko yeh choti si trick hai, aisi bahot saal tricks hoti hai, bad yeh kaam karte hai, bata raho aapko, karke dekhna, karke dekhna chote se amount mein. Last ke 6 mein, agar yeh 6 ki list mein, koi bhi nahi company usse gante ke andar enter karte hai, toorant uspe paisa laga aur toorant nikal jaana hai, toorant ke andar, wo aapko 2-3% return hand to hand deke jaayega usse time mein. Yeh ek choti si trick hai, lekin bahot hi shandaar aur damdaar trick hai, jisko aap trading mein use kar sakte hai, nifty 200 mein kyu bata raha hai, kyunki sabse zyada yeh company effect karti hui dikh rahi hoti hai, samajh mein aa raha hai. Market ke andar agar aap enter karte ho, yeh to trading ki trick bata di, investment ka main bata raha ho, to aap hamesha thoda patience rakhi hote ho. Hamara jo group hai, main aapko bahot saari stocks waha pe suggest, kya main aapko batata rehta ho, analyse karta rehta ho, cheeze samjhaane ke liye, aapko hamesha waha pe jitne stock waha pe batata ho, wo aap dekho, usko analyse karo, wo company ka base dekho, company ka, main ek IBEF ki website batayi thi, usko track karo. Iske alawa naini cheeze sikhane ke liye, main aapka behtha hua ho, us group mein aapko batata rehta ho, cheeze kya, kaise, kyu karne hai. Aap usse directly agar interact karna chahate ho, to zarur telegram ke through kar sakte ho, telegram ka jo number hai, wo aapke screen pe flash ho raha hoga, ispe aap directly private message kar sakte ho, aur aap telegram group bhi join kar sakte ho, iske alawa, mera khud ka Instagram profile hai, AS Pandit IAS, search kar lena, Instagram pe, Facebook pe, kahin pe, waha bhi aap directly apne queries poos sakte ho. Is trick ko apply karke dekho, kal subah hi apply karke dekho, ek baar, aapko samajh mein aayega, jo main bolna chahane ho, wo kitna applicable hai. Samajh mein aayega, wo khush raho, masmah, diwaan lagate raho, mairat karte raho, aur naini cheeze sikhte raho, main behtha hu, sikhne aur sikhane ke liye. Thank you.","Hello everybody, how are you doing? This is A.S. Pandit here and I welcome you all to the Catalyst Group YouTube channel. Today, I am going to share a fantastic trick with you all that many people have been asking me about for quite some time. You see, I have been in this particular field for a long time, the field of investment. And I have learned many things by not doing certain things. When you start practicing in trading or investment, you start seeing things that you shouldn't see, and then you experiment with it. When you get the result, you realize that it's not there and these things are correct. So, I am going to tell you a small trick through which you can easily earn a daily profit of 2 to 2.5% on the amount you invest. This means that if you want, you can make 1000, 2000, 3000 rupees regularly. But you have to be very active for this, at least for an hour. Being active for an hour means you have to sit alone, apply this particular trick alone, and pay attention. The charts that I will be discussing should not distract you for an hour, no one should disturb you or talk to you. You have to focus on things very carefully. You can earn money comfortably by being active. Today, we will apply this trick. To apply this trick, the first thing you have to do is go to a website called in.investing. You must be aware of my courses on the stock market and trading. We have our own website, aspandit.com. If you go to aspandit.com, you will find some information about me as well. Those who don't know me can learn about me, and those who know me can appreciate. Let's talk about it. By that, I mean if you want to learn about stock markets, you can join these courses. They start from 1000 rupees. And when you go to join these courses, you will see many different courses. If you want to learn everything like stock market, mutual funds, cryptos, trading, future options, then you can join a combo of courses. And there is a discount available as well. Apart from that, we have a free group on Telegram that you can join. You will be able to learn a lot from it. There are 158,000 active members in it, and I keep updating it. So, this trick is what people demanded there. They wanted to earn daily money without investing much time. So, you tell us a trick that you have learned. So, I have personally come up with this trick. So, what you have to do is open in.investing.com. Pay close attention to this. If you have any confusion, look at it again. Then, make a flow chart. What you have to do is go to in.investing.com and click on the Indian market here. You can also directly open it if you want, it's up to you. After coming here, if you want, you can also search directly. If you search for Nifty 200 in the search option, listen carefully to what I'm saying. I'm talking about Nifty 200. The system for Nifty 200 has opened. If you want, you can click on the constituents. Pay close attention to it. First, open Nifty 200, then go to constituents. When you click on constituents, these constituents will be displayed. Okay?""In the market, there are some top gainers and some top losers. You need the top losers and top gainers at the beginning. Losers and gainers. The 5 losers who have lost the most and the 5 gainers who have gained the most. So what you need to do is first put them in ascending or descending order. Ascending or descending order means that I have now placed them in such an order that my top losers are at the top and I will go to the bottom, where I will find the top gainers. Okay, it will be positive. When I go down to the bottom, I will find these top gainers. These are the ones below me. These are my top gainers. Dr. Lal, Polycap, these are all top gainers. They have gained so much. Understand this, you have to take out Rs. 2000 from your daily earnings. You can easily earn 2%, as much as you invest in trading. Look, what happens is whenever a trader sits, they make money and leave as soon as the rally begins. Rally means either the bull rises suddenly or the bear falls suddenly. So at that time, you should know how to make money. I will tell you a small trick. There are thousands of tricks that I will tell you in the course. I have already mentioned many things and I will tell you some more in the course. You must have the link in the previous comment, you have to join it. It is a telegram group named Catalyst Investors and it's a free group. Now what you have to do is to tell me at 9:15, you have to tell me at 9 o'clock, it opens first. You have to tell me at 9 o'clock, from 9 to 10, you have to look at something. You have already placed the top loser and top gainer. One more thing I was going to tell you, I uploaded a video earlier in which I mentioned a penny stock. Look, I always tell you that penny stocks are very risky, so invest with caution. I myself do not invest in penny stocks, nor do I want anyone to do so. It is risky. I mentioned a stock, I actually analyzed it, I did not recommend it. I always tell you that I do not recommend stocks here, I only talk about stocks that are very hyped on YouTube, so that you have clarity. I do not only look at the positive side, I consider both the positive and negative sides, so that you do not pay attention to it. I never take one side, I tell you both sides so that you understand and accept that thing by analyzing it yourself. I just show it to you. I told you about a penny stock, it was a debt-free stock and its name was Adbic Capital. Many people told me that they incurred losses in it, but first of all, I did not tell you to buy it because it was very hyped, and that's why I explained it to you. If I show you that stock, if we look at the screener, and see its price, it is currently at 3.77. The PE of this stock was high, I told you that the PE is high. I also told you about its book value, ROE, ROC, and the promoter holding is above 50%, which is good, the company is making a profit. But if there are losses, the market falls, so there will always be losses or gains. And whether to buy or not to buy, you should consider it with your own understanding. There is one more important thing in this, that is Adbic Capital. Its share price h""""Hey, in terms of the open offer, this is the Garg family. They have acquired 26% of Adbic Capital for 4.15 Rs per share. And if you look at the current situation, it's not going well. Basically, they have already received an offer from BSE for 4.15 Rs. So the fluctuation in the share price is because they are currently not doing well. They have already given a higher offer, in which they have acquired a significant number of equity shares with a face value of 1 rupee per share for 4.15 Rs each. So the share price may change in the future. This is Adbic Capital, and I made a video about it recently to let you all know. Many people were telling me that they have incurred losses and asked what they should do - whether to hold or sell. If you invest in anything, always keep it for the long term so that you can understand the market better. And when investing in penny stocks, make sure the company is debt-free and has been making profits for a few years. These are the small things you should consider before investing your money. If a company suddenly enters the top 6 of the list, you should invest immediately and cash out within an hour, or even earlier, to make a profit. You need to keep track for an hour because when it rises, it will give you a sudden return, and you can make money from it. Bulls or bears make money quickly when a rally occurs. Don't think too much and miss the opportunity to make money. You need to stay active for that. This is a small trick, but it is a great and powerful one that you can use in trading. I mentioned Nifty 200 because it has the most impact on the market. If you enter the market, this is a trading trick. For investment, you should always have some patience. In our group, I suggest many stocks. I keep analyzing and explaining things to you. You can look at the stocks I suggest and analyze them. Look at the company's base, check the IBEF website that I mentioned. Besides that, if you want to learn other things, I am there to guide you in the group, explaining why and how to do things. If you want to directly interact, you can do so through Telegram. The Telegram number is flashing on your screen, so you can send private messages there. You can also join the Telegram group. In addition, I have my own Instagram profile, AS Pandit IAS. You can search for it on Instagram, Facebook, or anywhere else, and you can directly ask your questions there. This trick is...""Try applying and see for yourself, apply tomorrow morning and see once, you will understand how applicable what I want to say is. Once you understand, stay happy, keep smiling, keep shining, keep learning and keep teaching. I am here to sit and learn and to teach. Thank you.",<PIL.JpegImagePlugin.JpegImageFile image mode=RGB size=640x480 at 0x78DC66498CD0>,https://www.youtube.com/watch?v=ynfEvP5kYCk,"The financial influencer, A.S. Pandit, claims that by using a specific trick, one can earn a daily profit of 2 to 2.5% on the amount invested in trading. The trick involves using the website in.investing.com to identify the top five losers and gainers in the Nifty 200. The influencer suggests investing in a company that suddenly enters the top six of the list and cashing out within an hour to make a profit. He also advises being active for at least an hour and focusing on the charts without any distractions. Additionally, he mentions that he offers courses on stock market, mutual funds, cryptos, trading, and future options starting from 1000 rupees. He also runs a free Telegram group named Catalyst Investors where he shares more tips and tricks.","The claim that one can consistently earn a daily profit of 2 to 2.5% on the amount invested in trading is misleading. While it's possible to have good days in the market, it's also possible to have bad days. The stock market is unpredictable and influenced by a variety of factors, making it impossible to guarantee a consistent daily profit. Furthermore, the strategy of buying a stock that suddenly enters the top six and selling within an hour is risky and could lead to significant losses if the stock price drops. It's also important to note that while the influencer offers courses and runs a Telegram group, these should not be seen as a guarantee of success in trading. Successful trading requires a deep understanding of the market, a well-thought-out strategy, and the ability to manage risk.",Contradiction
28Jay-3S8fg,Supply Demand Strategy | Trade Swing | Intraday Trading Strategies | Option Trading Strategies,Trade Swings,"✅ Download NOW ✅ Trade Swings Application (Free Learning Videos)
▶ https://play.google.com/store/apps/details?id=co.sheldon.uihih



Intraday Trading Strategies | Trade Swing | Swing Trading Strategies | Option Trading Strategies







🔴We are ▶not giving any Premium Service of ▶Calls.














💥Download Trade Swings Application and get Discounts on our Courses 💥


✅WhatsApp Support Group If you get any challenge in the Application .✔ Only WhatsApp 
▶7 222 999 4 66
-----------------------------



🔴We are ▶not giving any Premium Service of ▶Calls.


💚Join our Free ▶Telegram◀ Channel
💰Trade Swings📉
▶https://telegram.me/tradeswingsofficial
-----------------------------





🔵Open Demat Account in ▶Upstox◀ for more Benefits
▶https://upstox.com/open-account/?f=2CBJTX
-----------------------------





✅Join New Channel :- ▶Trade Swings Academy◀
▶https://bit.ly/3m5juDw
-------------------------------





🔵Open Demat account in ▶Zerodha with our link for more benefits.
▶https://zerodha.com/?c=GI4414&s=CONSOLE
-





💰Join Instagram Channel Trade Swings📉
▶https://www.instagram.com/tradeswingsofficial/
------------------------------




💰Join Facebook Channel Trade Swings📉
▶https://www.facebook.com/tradeswings
------------------------------





🛑Trade Swings All Learning Material and Links you will get in the Description.
🛑Be Careful while making any Payment. 
🛑Be Aware of Fraud People on YouTube and Telegram.
🛑We don't provide any calls service on Telegram.
🛑We Don't have any Premium Telegram Group for giving calls.
🛑Don't click any link in the Comments & Don't call any number in the Comments.



Disclaimer :
I am not SEBI Registered.
This purely an educational and knowledge sharing initiative by Trade Swings.
Investing and Trading in stock/forex/commodity are risky.
There is no assurance or guarantee of returns on the investments.
Kindly seek advice from any expert/auth. person before investing.
User discretion advised.
Quantities/charts/amounts and rates shown / displayed are exemplary and not recommendary or actual. The securities quoted are exemplary and are not recommendatory.


Topics Covered:
1. What is best strategy
2. What is best intraday strategy with no indicators
3. What is best short selling strategy
4. What is scalping in intraday
5. How to trade with scalping strategy
6. How to sell high and buy low
7. How to do intraday trading
8. How to trade in initial 15 minutes
9. What is best intraday trading strategy
10. How to do intraday trading in initial 5 minutes
11. What is the easiest day trading strategy?
12. Which timeframe is best for day trading?
13. What is the simplest intraday trading strategy?
14. What is intraday strategy for first 15 min
15. How to do day trading first 15 minutes
16. What is 15 min intraday strategy
17. What is Intraday 1st 15 min Range Breakout Strategy
18. What is best btst strategy
19. What is best stbt strategy
21. What is price action
22. What is open high open low strategy
23. What is swing trading strategy sniper

Tags:
#IntradaySetup #IntradayTrading #Stockmarket #Sharemarket #Trading #Intradaytrading  #tradeswings #nifty​ #option​selling #option​ buying #best​ share for intraday trading #best​ stock for intraday trading #option​ trading strategies #call​ options trading for beginners # intraday trading strategies #best​ intraday trading strategy #bank​ nifty jackpot trading strategy #bank​ nifty jackpot #intradaytradingstrategy​ #bestintradaytradingstrategy​ #intradaytip​ Intraday trading #strategies​# best intraday trading strategy# intraday trading for beginners# intraday trading #intradaytechniques​ #bestbtststrategy​ #IntradaySetup #IntradayTrading

Tags:
best price action trading strategy,price action basic,price action support and resistance,price action breakout and breakdown,trend line support and resistance,trend line breakdown,trend line breakout,top price action trading strategy,price action trading strategy,price action support,price action resistance,price action breakout,price action breakdown



options trading
options trading for beginners
option trading for beginners in hindi
option trading strategies
options trading explained
bank nifty option strategy
bank nifty trading strategy
option trading strategies
nifty option trading


option trading in share market
future trading in share market
Trading in Stock Market
options trading
future trading


how to make money in fno
how to earn money in f&o 
earn money in f&o 
fno trading for beginners
fno trading for strategies
options trading basics


futures and options trading
basics of futures and options trading for beginners
future and options regular profit
future and options monthly profit


risk in f&o trading
risk in options trading
risk in intraday trading 
risk in f&o trading for begineers
risk in options trading for beginners


trading mistakes to avoid
options trading mistakes to avoid 
5 options trading mistakes
f&o trading mistakes
things to avoid in f&o trading","दोस्तों आप दिica सब्तू याहापं आप ओंड को बाई करने पैं Satan यहाबए रूठ बाई करन सकता यि यावपं भस् सावोंगと आब यावमे '' देखो। दोस्तों यहबे मन वीडियो just करना चाहिए था यहापे call बाई करके profit बनता था यहापे put बाई करके profit बनता था यहापे call बाई करके profit बनता था दोस्तों मार्केट में supply demand zone के बारे में आपने सिर्फ सुना होगा लेकिन बड़े से बड़ा trader भी इसी से profit बनाता है आप बोलोगे इतना आसान है तो सब लोग profit बनाएंगे दोस्तों समझना कोई नहीं चाहता है सबको short cut चाहिए मैं आपको बताता हूँ दोस्तों एक simple सा लोजिक जिससे market बनता है supply market को चलाना इतना आसान नहीं है market में मानलीजी कोई hedge fund की company है एक example के तौरपे अगर आप समझ लोगे market को अगर hedge fund वाली company है उसे market में 100 करोड इंवेस्ट करना है 100 करोड यहाँ पर trade करना है आप देखे 100 करोड यहाँ पर one shot में अगर वो डाल देंगे तो उन्हें महंगे price पर यहाँ पर मिल जाएंगे तो यहाँ पर कुछ quantity डाल देंगे 30 करोड की यहाँ पर 30 करोड की price जब फिर से न moment आ जाया और फिर market थोड़ा सा नीचा जाया तो समझ जीज़े कि यहाँ पर यह जो demand zone हैं वहाँ से market में फिर से एक buying आ सकती है तो आपको भी यहाँ पर entry बनानी है call की आपको भी यहाँ पर buy की position बनानी है इसे कहते हैं दोस्तो कि जो बड़ा player जो करता है उसके साथ साथ आपको चलना है तो आपका भी profit होगा उसके against में आपको नहीं जाना है यह strategy इतनी गमाल के दोस्तो इसमें आपको सब कुछ समझ में आ जाया जाएगा कैसे आप demand और supply zone की मदद से market में entry बना सकते हो exit ले सकते हो आपको निकलना कभी यह भी important है तो सारा खेल मैं इस वीडियो में बताऊंगा अगर आपको market में पैसा कमाना है तो इसको समझना बहुत जरूरी है यह आखरी वीडियो आपके लिए होगी supply demand zone की इस वीडियो के पाद आपको यह सवाल थे कि sir market में price action कैसे work होता है supply demand zone कैसे work होता है support resistance कैसे work होता है तो इन सबको मिला के एक ही वीडियो आपके लिए लेके आयो इस वीडियो में दोस्तो मैं जितने भी सवाल आपकी देमाग में है supply demand zone को लेके वो सारे लिए कर दूँगा और यकीन मानिए इस वीडियो को देखने के बाद आपको किसी और वीडियो को देखनी के ज़रूरत नहीं है इसमें में आपको यह समझ में आ जाएगा कि आपको call खरीदना है कि put खरीदना है कब खरीदना है demand zone के अंदर मान लिए जा आपने यहा� है कि supply demand zone आकर बनते कैसे है क्यों यह supply demand zone होते है क्यों market यहाँ पे उपर गया क्यों यहाँ पे नीचे आया इस तरीकी की moment market में क्यों होती है तो यह सारी चीज़े दोस्तो आशकी बुड़ी बताओंगा अगर चैनल पे नए हो तो चैनल को subscribe करना मत बुलिये और इसके साथ ही साथ आपको बता चाहूंगा दोस्तो टेलिग्राम चैनल को आपको जॉइन करना है तो description में link दिया है यहाँ पे बहुत ही important updates मैं post करते रहता हूँ तो टेलिग्राम चैनल को जॉइन करना मत बुलिये इसके link description में दिया है 38,000 के आसबाज यहाँ पे लोग चुड़े हो रहे हैं और दोस्तो आपको बता चाहूंगा कि यहाँ पे मैं tradesprings का जो हमारा application है play store के ऊपर already 10,000 से आधा downloads है यहाँ पे मैं आपको free course आवलेबल कर रहा हूँ free course आवलेबल कर रहा हूँ जो आपको इस application पे मिल जाएगा करना पुछ नहीं है हमारे application है उसे install करना है install करने के बाद इसे open करना है आपको यह free course chat section में मिल जाएगा हम हम जो हमारा course होगा best हो आपको share करेंगे और दोस्तो हो सकता है यह price action का course हो सकता है यह supply demand का course हो सकता है stock loss hunting की कोई strategy हो यहाँ फिर धमाल strategy को लेकर life trading की यहाँ पर course हो इस में से आपको कुछ भी मिल सकता है लेकिन बस आपको सबसे पहले application को download करना है और open करना है open करने के बार chat section में आप चेक सकते हो चेक कर सकते हो कि आपको यहाँ पर कौन सा course available किया गया है free के लिए अब दोस्तो आगे बढ़ेंगे आपको बताओंगा किस तरीके से आज की strategy आपको करनी है देखें दोस्तो सबसे पहले मैं आपको institutional players होते है institutional traders होते है जो hedge funds वाली company होती है जो करोडों में यहाँ पर trade करते हैं मतलब 100 करोड 200 करोड 1000 करोड तक के भी trade market में होते है अब आपको लगता है दोस्तो कोई भी बड़ा player होता है उसको market में अगर entry लेनी है अगर बड़े player को market में entry बनानी है market में पैसा लगाना है तो वो कहाँ पे लगाएगा और कितना लगाएगा अगर market में किसी को hundred crores लगाने है कोई hedge fund है जिसे buying करना है जिसे long करना है और hedge funds यहाँ पे पैसा लगाना चाता है 100 करोड तो क्या 100 करोड एक ही order में execute किया जाएगा बिलकुल नहीं इससे market यहाँ पे sky rocket हो जाएगा और उन्हें अपने ही quantity जो उप place करने वाले order उसके उन्हें stock जो है जो यहाँ पे instrument महँगा पड़ जाएगा क्योंकि एक ही entry price पे अगर उन्हें बाई करना है तो definitely उन्हें यहाँ पे कुछ quantity अभी order देने होगी कुछ quantity को फिर से order देना पड़ेगा जब market उसी rate पे आ जाए या उसके नज़दी का जाए तो उनकी जो entry होती है उनकी जो order execution होती है वो कुछ इस तरीके से होती है मैं example के तओर पर आपको समजा देता हो यहाँ पे 30 crores का execution हो जाएगा यहाँ पे 30 crores का execution हो जाएगा यहाँ पे 30 crores का execution हो जाएगा देकिए इस ते क्या हो गया जो भी institutional buyer है उसे यहाँ पे एक ही price पे quantity सब कुछ मिल गई है साड़ी quantity एक ही price पे यहाँ पे बाय हो चुकी है और उनकी quantity जादा होती है इसलिए दोस्तों यहाँ पे वो जबीब एंट्री बनाते है तो यहाँ पे एक momentum आता है उस momentum को आप track कर सकते हो मैं आपको बताता हूँ कैसे आपको entry बनानी है as a retail trader पहले तो आप logic को समझे कि यहाँ पे hedge funds वाले होते है institutional buyers traders होते है उसकी वज़े से market में इस तरही के का demand zone create होता है मतलब क्या यहाँ पे already एक buying order placed है बड़ी buying order placed है क्योंकि जो institutional buyer है जिसने यहाँ पे order दी है यहाँ पे execution किया है उसने यहाँ पे कुछ quantity को place करके रखा है जैसे मार्केट वापस नीचे आएगा उसके order यहाँ पे trigger हो जाएगे और market फिर से boost हो जाएगा फिर दोस्तों उसकी जो बची हुई quantity वो यहाँ पे place करेगा जैसे मार्केट इस demand zone में आएगा market boom हो जाएगा तो यह होता है entry point for retail trader क्योंकि हम लोग उनके against जाके कोई भी profit नहीं कर सकते हमें उनके साथ चनना होगा देखे यहाँ पे अगर आप ने call की position बनाई है इस demand zone में आपको call खरीदना है इस demand zone में call खरीदना है अब सवाल यहाँ आएगा कि sir कितने बार हम ऐसा करते बैटे क्या market इसी zone में रहेगा बिलकुल नहीं देखे जितना यह fresh होता है क्योंकि जो भी buyer logic को समझे जो भी यहाँ पे buyer है उसके पास जो funds होंगे वो अपनी जो order है वो एक, दो, तीन या चार हिस्सों में यहाँ पे डिवाइड कर सकता है continuously तो वो यहाँ पे दस बार trade नहीं करेगा यह simple सा logic है तो जो first time होगा वो काफी strong होगा second time होगा वो strong होगा लेकिन third time fourth time यह weak होते जाएगा मतलब यह जो zone होता है यह weak होते जाएगा आप देखो कि यहाँ पे यह zone weak हो गया है तो इस ने काफी बार multiple times testing किया क्योंकि यहाँ पे हो सकता है कोई बड़ी quantity में यहाँ पे investment करना चाहता है आप देख सकते हो market यहाँ पे कितना उपर गया है क्योंकि यहाँ पे hedge funds ने बड़े quantity में investment की है और same price पे आने का wait किया है तब ही जाके यह order उनकी execute हुई है अब दोस्तो उपर होता है supply zone supply zone क्या होता है देखी जैसे market में buyers होते है market में long वाले होते है वैसे market में short वाले भी होते है तो लोग यहाँ पे buyer seller की fight के वाज़े से तो stock market है here आप देखो के तू जो भी विव होता है यहाँ पे जबई भी market नीचे जाएगा आप देखे market यहां पे इस supply zone में आने कि बाद market नीचे गया नीचे जाने के बाद यहां पे जो funds वाले होते हूँ यहां पे अपने orders को place करके रखते हैं यहां पे orders को place करके रखते हैं और जैसे ही market इस zone में आएगा वही से market नीचे जाने की कोशिश करता है आप देख सकते हूँ इसलिए यहां पे जो भी retail trader है वो put को buy कर सकते है जबई भी इस zone में market आएगा और इस नीचे demand zone में जब भी आता है तब आप call को buy कर सकते हो किसी भी green candle को देखते हैं आप यहाँ पे call को buy कर सकते हो यहाँ पे भी simply वही चीज़ हुई है आप देखो गए तो यहाँ पे देखे first time आपको यहाँ पे समझना पड़ेगा तो find out कैसे करना है देखे मार्केट में जबी भी ऐसी कोई बड़ी momentum आती है okay तो समझ जाना है कि मार्केट में इस बड़ी momentum के बाद आपको क्या करना है यहाँ पे इस candle को जिस candle से यह बड़ी momentum आए है जैसे कि इस candle पर देखे यहाँ पे यह जो zone है इस zone है यह green candle को मैं mark करके लेता हूँ तो इस green candle के वज़े से market में एक बड़ी momentum आए है आप देख सकती है यह जो green candle बनी है इसके बाद एक छोटी candle बनी red उसके बाद एक green और फिर यहाँ पे market में बड़ी momentum तो यह area बहुत important है यह zone बहुत important है आप देखो क्योंकि market जैसे ही zone में फिर से आया यहाँ पे फिर से एक green candle बना दी और यहाँ पे आप entry position call की ले सकते थे क्योंकि आपको पढ़ा यहाँ से लेके आपका target होगा supply zone supply zone का आपका target होगा जैसे ही market फिर से supply zone में जाएगा market यहाँ पे फिर से रुकेगा यहाँ तो फिर नीचे आएगा तो यह entry है यह exit है और first time में आपको नहीं समझ में आजाएगा लेकिन second or third time में आप इसके catch कर सकते हो जैसे की देखें यहाँ पे simply आप देख सकते हो यही चीज़ हुई है मैं आपको पीछे दिखाता हूँ पीछे charts के पर समझाता हूँ देखें अभी यहाँ पे आप देख सकते हूँ यह देखें मैं आपको यहाँ पे clearly देखें का आपको समझ में आजाएगा जरूरी नहीं कि market उसी price पे फिर से आजाएगा जरूरी नहीं कि market अगर यहाँ से एक buying momentum आया आप देख सकते हूँ यहाँ पे दोस्तो एक buying momentum आया हुआ है देखे यह एक buying momentum आया हुआ है market में okay तो यह हम लोग के लिए एक demand zone है कि यहाँ पे market फिर से आएगा लेकिन जरूरी नहीं कि market इसी level पे आजाएगा हो सकता है market में जो seller है वो market को इतना push ना कर पाए और market क्या करेगा देखे जो buyer है वो यही पे अपनी quantity कम प्राइज में देखे यहाँ पे उसने एक order डाल दी यहाँ पे एक order execute कर दी तो यही से market फिर से उपर गया तो एसा भी हो सकता है तो इसी लिए अगर इस zone में आता है तो आप trading कर सकते हो जोन में नहीं आता है अगर आप इस strategy के according trading कर रहे हो तो आप wait कर सकते हो देखे अभी यहाँ पे क्या हुआ है एक institutional trader है बड़ा उसने यहाँ पे अपने funds को invest किया है अब यहाँ पे supply zone जो आ रहा है वो कौन सा निकल के आ रहा है जो आ रहा है इस candle का मैं हाईलो मार्क करता हूँ देखे यह candle है इसका हाईलो मैंने मार्क किया okay इसका हाईलो closing price तक मैंने मार्क किया अब देखे simply आप देख सकते हो market इतना नीचे जाने के बाद यह जो hedge funds वाले उनकी और भी orders होंगी जो उसने इसी area में place की होगी trigger करने के लिए जैसे ही market इस area में गया आप देख सकते हो simply यहाँ पर red candle बन गी देखे red candle आप यहाँ पर एक put की position लेके शांती से बैट सकते हो आपको profit में जाने से कोई नहीं रोक सकता आप खुद देखे दोस्तो देखे यहाँ पर आपको अराम से 132 points के असपास मिले होते थे नीचे फिर से आपके पास यहाँ पर एक demand zone है तो आपको उससे भी बचके रहना है देखे demand और supply का पुरा खेल है तो उपर supply नीचे demand जैसे ही यहाँ पर आपको निकल जाना है और यही चीज आगे भी applicable होती जैसे ही market देखे जिसने यहाँ पर buying की होगी जो यहाँ पर buyer होगा institutional buyer है जिसने यहाँ पर इतना पैसा लगाया वो definitely जो और उसकी order होगी वो इसी area में फिर से place करके रखेगा तो जैसे ही market इस area में आए यहाँ पर green candle बनी हम फिर से यहाँ पर एक buying की position भी बना सकते हैं और यहाँ पर एक buying का एक call side का trade यहाँ पर आराम से ले सकते हैं देखें क्या होता है न देखें दोस्री इससे आपका stop loss भी काफी कम आएगा आप देख सकते हो आपका area decide हो गया जो area होता है यहाँ पर देखें simply आपको मालूम है कि यह हमारा supply zone है यह demand zone है यहाँ पर मुझे call को buy करना है यहाँ पर मुझे put को buy करना है इतना ही simple है अब यहाँ पर उपर जाकर देखोगे तो यह area break हो गया क्योंकि यहाँ पर जो buyer है वो यहाँ पर जीत गया seller यहाँ पर हार गया तो buyer seller की जो fight होती है उसमें देखें बड़े players में भी वैसा ही होता है अब यहाँ पर भी simply आप देखोगे दोस्तो देखें यहाँ पर market में एक बड़े प्लेयर ने यहाँ पर selling की हुई है गए बड़े प्लेयर ने यहाँ पर put को यहाँ पर sell किया है कौल को shot किया है तो आप देख सकते हूँ यहाँ पर बड़े level पर selling हुई है आपको simply इस candle पर कर लेना ज़ैसे मैं यहाँ पर करता हूँ देखे अब यह आपके लिए क्या हो गया ये हो गया मेरे लिए supply zone ये हो गया मेरे लिए supply zone इसे मैं green color करता हूँ क्योंके यहाँ पर supply हुआ है market में अगर market इस zone में आएगा जैसे नीचे गए उपर आएगा इस zone से ही market से नीचे गा सकते क्योंके जो भी यहाँ पर बड़ा player है उसकी यहाँ पर order placed होगी selling की definitely यहाँ पर देखे simply आपको जैसे ही यहाँ पर कोई red candle दिखती है इस zone में तो आप छोटे से stop loss के साथ साथ यह देखे यहाँ पर 40-50 point के stop loss के साथ साथ आप यहाँ पर एक trade बना सकते हो trade का target क्या होगा तो जो भी यहाँ पर देखे trade का target simple है जहाँ से market उपर गया था वो zone हमारे लिए important है तो यह zone तक आप target कर सकते हो यहाँ पर 200 point के आजपाद आपको momentum मिला हुआ है इस तरीके से देखे यह supply और demand zone के बीच में हमने trade किया market इसी तरीके से जाता है जैसे कि यहाँ पर आप देखोगे तो market में देखे एक buying आई हुई है इस level से market में एक buying आई है अब काफी लोगों ने अगर यहाँ पर मान लिजे एक demand zone create करके रखा वेट किया यहाँ पर आने का लेकिन यहाँ पर क्या होगा market इस level पर आया ही नहीं इस से ही थोड़ा उपर निकल गया तो यह क्या होता है कि जो भी यहाँ पर buyer है उसे यहाँ पर best price मिली है तो वो यहाँ पर आ गया और यहाँ पर entry बना के उसको एक अच्छा profit भी बन सकता है तो यह बड़े players के साथ से अगर आपको जाना है उन्हें पकड़ने का एक ही रास्ता होता है वो है supply demand zone अगर area आपने सही से लगा लिया तो आपको यहाँ पर बहुत अच्छा profit भी बन सकता है दोस्तो देखे यहाँ पर आप देखते होगे यह selling आई market में तो फिर से wait किया गया best price का seller के दोरा और यहाँ पर उससे मिली entry और यहाँ से फिर से market नीचे fall कर गया देखे यहाँ पर अगर आप देखोगे आपको बस पकड़ना है दोस्तो एक ऐसा momentum आपको पकड़ना है एक ऐसा momentum जो market में suddenly आया है और बड़ा momentum है ओके उस momentum को आपको कैच करना है उस momentum पर आपको ध्यान रखना है अब देखे थोड़ा पीछे लेके जाके दिखाता हो देखे बड़े level पर भी अगर आप देखोगे दोस्तो आपको समझ में आजाएगा देखे अगर यहाँ पे simply अगर आप देखोगे दोस्तो तो market में देखे मैं यहाँ पे आपको लगा के दिखाता हूँ rectangle tool देखे market में जो buying आई है वो इस zone से है यह देखे इस zone से market में buying आई है आप देख सकते हो market ने कुछ पैसा यहाँ पे लगाया फिर जो बड़ा ट्रेडर है उसने यहाँ पे कुछ पैसा लगाया फिर आगे जाके आप देखोगे तो देखे जबी भी उसको best प्राइज मिल रही है तो वहाँ पे investment किया जा रहा है इसलिए market इस तरीके से उपर जाके नीचे जाता है फिर उपर जाके नीचे जाता है और यहाँ पे आप देख सकते हो orders बड़े level पे fulfill की गई है बड़े ट्रेडर के तरही है यह काफ़ी aggressively buying की गई है मतलब इस level पे नहीं लेकिन जबी भी market में investment किया market थोड़ा उपर गया फिर best price मिली फिर investment किया गया फिर market बड़ा उपर गया फिर best price मिली फिर यहाँ पे थोड़ी investment की गई फिर market उपर गया तो देखिए मैंने आपको फीबो नाची का भी logic समझाया फीबो नाची के हिसाब से भी दोस्तो जो psychology होती है लोगों की investment की वो इसी दरिके से होती है देखे जैसे कि यहाँ से market उपर गया 50% से तो वो logic भी आप यहाँ पे लगा सकते हो supply demand के हिसाब से आपको यह समझ में आता है कि market में फिलाल यहाँ पे एक demand zone है अगर market फिर से इस level पे आता था तो यहाँ से भी उपर जाता था यहाँ पे आता था यहाँ से भी उपर जाता क्योंके यह जो भी buyer है जो सको market को उपर लेके जाना है वो definitely यहाँ पे बड़े quantity को invest करना चाता है trade करना चाता है और बड़े quantity एक ही जगा नहीं करेगा तो वो अलग अलग जगा पे best price पे invest करेगा क्योंके एक जगा पे करेगा तो उससे महेंगा पड़ जाएगा तो दोस्तो देखे यह logic होता है और इस logic को आपको समझ के फिर market में trade करना है दोस्तो उमिद करता हूँ आपको यह logic समझ में आ गया होगा supply demand work कैसे होता है institutional buyer traders hedge funds वाले कैसे पैसे लगाता है किस तरीके से यहाँ पे वो नकी psychology होती है यह आपको समझ में आ गया है इसमें उमिद करता हूँ बाकी दोस्तो आपको बताना चाहूँगा जाने से पहले कि अगर आपने अभी तक हमारे एप को डाउनलोड नहीं किया है तो description लिंक में हमारा एप की लिंक है आप जाके एप को डाउनलोड कर सकते हो और अभी जाके फाइदा उठा सकते हो free course का जो आपको आपे प्रोवाइड किया चाह रहा है हम मिलेंगे दोस्तों अगले वीडियो में इसी तरह के कुछ नौलिजबल कौन्टेंट के साथ तब तक के लिए तैंक यू सो मच और जय है","Friends, you all know that here on Diksha, you can learn and understand how to buy and sell in the stock market and make profits. Here, we will teach you how to make profits by buying calls, puts, and trading in the supply and demand zones. You may have heard about supply and demand zones in the market, but even big traders make profits using the same strategy. You may say it's easy, but not everyone understands it. Everyone wants a shortcut. Let me explain a simple logic to you, friends. It is not easy to control the market. It is like a company of hedge funds. For example, if a company wants to invest 100 crores in the market and trade here, they will earn profits at higher prices. They invest a certain quantity at a price of 30 crores. When the price comes down a bit, they buy at the demand zone, so you also have to enter and take a call position here. As the big players trade, you also need to follow them to make profits. You don't need any other strategy. In this video, I will explain everything. If you want to make money in the market, it is very important to understand this. This will be the last video for you on supply and demand zones. After watching this video, you won't need to watch any other video. I will explain everything, how price action works in the market, how the supply and demand zones work, how support and resistance work. You'll understand all of this in just one video. If you are new on this channel, don't forget to subscribe, and also join the Telegram channel. The link is given in the description. I post important updates there. Don't forget to join the Telegram channel. The link is given in the description. More than 38,000 people are benefiting from it. Also, I want to inform you that our application, Tradesprings, is already downloaded by more than 10,000 people on the Play Store. I am offering a free course on this application. You just need to install it and open it. You will find the free course in the chat section. We will share our best course with you. It could be a course on price action, supply and demand, stock loss hunting strategies, or any other exciting strategy related to live trading. You can find anything there. But first, you need to download the application and open it.Text: ""If you want to open the chat section, you can check what courses are available for free. Now, let me tell you the strategy for today. Firstly, institutional players like institutional traders and hedge funds trade in the market in crores. If a big player wants to enter the market and invest a large amount of money, they have to decide where and how much to invest. If they want to invest 100 crores, for example, they will not execute the entire order at once because it will cause the market to skyrocket and the price of the stocks they want to buy will increase. Therefore, they have to place multiple orders when the market reaches a specific rate. Let me give you an example. If they want to execute an order of 30 crores, they will place multiple orders at the same price. This way, they can buy a large quantity at the same price. When a retail trader wants to enter the market, they need to understand the logic behind the demand zone created by institutional buyers and traders. They need to see if there are already buying orders placed in the demand zone. If the market goes down, the orders will be triggered, and the market will boost again. This is the entry point for a retail trader because they cannot make a profit by going against institutional players. They have to go along with them. So, if you have taken a position in the demand zone, you should buy calls in that zone. But remember, the market will not always stay in the same zone. As much as it is fresh, the buyers with funds can divide their orders into multiple parts, so they won't trade ten times in the same zone. This is a simple logic. The first time the zone is tested, it is strong. The second time it is tested, it is still strong. But the third and fourth time, it becomes weak. So, if you see that the zone is weak, it means that it has been tested multiple times. It is possible that someone wants to invest a large amount in this zone. You can see how much the market has gone up because hedge funds have invested a large amount at the same price and are waiting for it to reach that level.""Then, only this order was executed. Now, let's talk about the supply zone. What is a supply zone? Just like there are buyers in the market, there are also those who take long positions in the market. Similarly, there are also those who take short positions in the market. So, people here are fighting between buyers and sellers, which is the stock market. Here, you can see that whatever happens, when the market goes down, you can see that the market goes down after entering this supply zone. After going down, the fund holders place their orders here. As soon as the market enters this zone, it tries to go down from there. So, here any retail trader can buy puts when the market enters this zone and can buy calls when it enters the demand zone below. Whenever you see a green candle, you can buy calls here. Similarly, here too, the same thing happens. You can see that here too, as the market goes down, it enters this supply zone, and after going down, it again tries to make a green candle. This area is very important. You can see that as soon as the market enters this zone, it again creates a green candle, and here you could have taken an entry position for the call. Your target would be the supply zone. As soon as the market enters the supply zone again, it stops here and then goes down. So, this is the entry and this is the exit. It may not be clear to you the first time, but you can catch it the second or third time. For example, look here, you can see it clearly. This is what I am showing you on the charts. Look, you can see it right here. Now, I will show you clearly so that you understand. It is not necessary that the market will come back to the same price. If a buying momentum comes from here, you can see that a buying momentum has come here in the market. So, this is a demand zone for us where the market can come back. But it is not necessary that the market will come back to the same level. It is possible that the sellers may not push the market too much and what will the market do? Look at what the buyers are doing. They are buying at a lower price. Look, they have placed an order here. They have executed an order here. So, the market has gone up from here. So, this can also happen. So, if it comes in this zone, you can trade. If it does not come in this zone, then you can wait. Look, what has happened here now? There is a big institutional trader. He has invested his funds here. Now, the supply zone that is forming, which level is it coming out of? This candle's high and low mark I am marking. Look, this candle has a high, I am marking it. Okay, I am marking its closing price. Now, look, you can see that after the market went down so much, there will be more orders from the hedge funds that they have placed in this area to trigger. As soon as the market entered this area, you can see a red candle here. Look, a red candle will form here. Look, you can see that aYes, you can bat with peace by taking a put position. No one can stop you from making a profit. Look, here you would have easily got around 132 points. Then, below, you have a demand zone, so you need to stay away from it. Look, this is the complete game of demand and supply. Just like there was buying here, the person who was buying is an institutional buyer who has invested so much money here. They will definitely place their order in this area again. As soon as the market reaches this area and a green candle forms, we can again take a buying position here. Look at what happens. Your stop loss will also be reduced. You can see that your area is decided. Simply, you know that this is our supply zone and this is our demand zone. Here, I need to buy a call, and here, I need to buy a put. It's that simple. Now, if we go up, you will see that this area has broken because the buyer here won and the seller lost. The fight between the buyer and seller is the same for big players as well. Here too, as you can see, a big player has made a selling here, and another big player has sold a put here and taken a call. So, as you can see, a big selling has taken place at a big level. You should simply enter on this candle, just as I do. Look, now what has happened for you? It has become a supply zone for me. I color it green because there was supply here in the market. If the market comes into this zone, as it went down and then came up, it can go down from this zone because whatever big player is here, they will definitely have placed their order here for selling. Look, simply, as soon as a red candle appears in this zone, you can see that your stop loss is also small. You can take a trade with a stop loss of 40-50 points here. What will be the target of the trade? So, the target of the trade is simple. The zone from where the market went up is important for us, so you can target up to that zone. You have gained momentum of 200 points in this way. Look at the trade we made between the supply and demand zones. The market goes in the same way. As you can see here, a buying came into the market from this level. Now, if many people create a demand zone here and wait for the market to come here, but what will happen here? The market did not come to this level, it went a little higher, so what happens is that the buyer who got the best price here came here and made an entry. They can also make a good profit from here. So, the only way to catch the big players is through the supply and demand zone. If you have placed the area correctly, you can also make a good profit here. Look, if you see here, selling came into the market, then it was waiting again for the best price, and it got an entry from here, and then the market fell below again. Look, if you see here, you just need to catch a momentum. A momentum that suddenly comes into the market and is a big momentum. You need to catch that momentum. Pay attention to that momentum. Now, look at the little back. If you show it, look at the big level as well if you.""Look, friends, you will understand it now. Look, if you see here, simply if you look, friends, you will see in the market. Look, here I am showing you the rectangle tool. Look, the buying that has occurred in the market is from this zone. See, buying has occurred in the market from this zone. You can see that the market has invested some money here. Then, the big traders have also invested some money here. Then, when you look ahead, you will see that whenever they get the best price, they invest there. That's why the market goes up and down in this way. Here, you can see that orders have been fulfilled at a high level, like the big traders. This has been aggressively bought. It means that it is not at this level, but whenever the market is invested, it goes slightly up, then the best price is found, then the investment is made, then the market goes up, then the best price is found, then some investment is made here, then the market goes up. So you see, I have also explained to you the logic of Fibonacci. According to Fibonacci, the psychology of people's investment is also the same. Look, if the market goes up from here by 50%, then you can also apply this logic here according to supply and demand. You understand that there is currently a demand zone in the market. If the market comes back to this level, it will go up from here as well. Because any buyer who wants to take the market up definitely wants to invest a large quantity here and trade. And he will not put a large quantity at the same place. He will invest at different places at the best price. Because if he invests at one place, it will become expensive. So you see, this is the logic and you have to understand this and then trade in the market. I hope you have understood this logic of supply and demand, how institutional buyers, traders and hedge funds invest money and how psychology works here. I hope you have understood that. In this, I hope to tell you before we go that if you have not downloaded our app yet, then in the description link, there is a link to our app. You can go and download the app and take advantage of the free course we are providing you. We will meet again in the next video with some similar knowledgeable content. Until then, thank you and goodbye.""",<PIL.JpegImagePlugin.JpegImageFile image mode=RGB size=640x480 at 0x78DC667D5CC0>,https://www.youtube.com/watch?v=28Jay-3S8fg,"The financial influencer suggests that profits can be made in the stock market by understanding and trading in supply and demand zones. He explains that large institutional traders and hedge funds invest in the market in a staggered manner to avoid causing a sudden spike in prices. He advises retail traders to follow the trading patterns of these large players, buying calls in the demand zone and puts in the supply zone. He also suggests that the strength of a zone decreases with each subsequent test. The influencer further claims that his video provides a comprehensive understanding of price action, supply and demand zones, and support and resistance in the market. He also promotes his application, Tradesprings, which offers a free course on trading strategies.","The influencer's claim that profits can be made by following the trading patterns of large institutional traders and hedge funds is not entirely accurate. While it is true that these large players can influence market trends, their trading strategies are often complex and based on a variety of factors, including proprietary algorithms and confidential information, which may not be accessible or understandable to retail traders. Furthermore, the claim that the strength of a zone decreases with each subsequent test is a generalization and may not hold true in all market conditions. Finally, the claim that his video provides a comprehensive understanding of market dynamics is subjective and may vary based on the viewer's prior knowledge and understanding of the stock market.",Contradiction
BnZU6qYVUl0,99% Accurate | Trade Swing | Intraday Trading Strategies | Option Trading Strategies,Trade Swings,"✅ Download NOW ✅ Trade Swings Application (Free Learning Videos)
▶ https://play.google.com/store/apps/details?id=co.sheldon.uihih



Intraday Trading Strategies | Trade Swing | Swing Trading Strategies | Option Trading Strategies







🔴We are ▶not giving any Premium Service of ▶Calls.














💥Download Trade Swings Application and get Discounts on our Courses 💥


✅WhatsApp Support Group If you get any challenge in the Application .✔ Only WhatsApp 
▶7 222 999 4 66
-----------------------------



🔴We are ▶not giving any Premium Service of ▶Calls.


💚Join our Free ▶Telegram◀ Channel
💰Trade Swings📉
▶https://telegram.me/tradeswingsofficial
-----------------------------





🔵Open Demat Account in ▶Upstox◀ for more Benefits
▶https://upstox.com/open-account/?f=2CBJTX
-----------------------------





✅Join New Channel :- ▶Trade Swings Academy◀
▶https://bit.ly/3m5juDw
-------------------------------





🔵Open Demat account in ▶Zerodha with our link for more benefits.
▶https://zerodha.com/?c=GI4414&s=CONSOLE
-





💰Join Instagram Channel Trade Swings📉
▶https://www.instagram.com/tradeswingsofficial/
------------------------------




💰Join Facebook Channel Trade Swings📉
▶https://www.facebook.com/tradeswings
------------------------------





🛑Trade Swings All Learning Material and Links you will get in the Description.
🛑Be Careful while making any Payment. 
🛑Be Aware of Fraud People on YouTube and Telegram.
🛑We don't provide any calls service on Telegram.
🛑We Don't have any Premium Telegram Group for giving calls.
🛑Don't click any link in the Comments & Don't call any number in the Comments.



Disclaimer :
I am not SEBI Registered.
This purely an educational and knowledge sharing initiative by Trade Swings.
Investing and Trading in stock/forex/commodity are risky.
There is no assurance or guarantee of returns on the investments.
Kindly seek advice from any expert/auth. person before investing.
User discretion advised.
Quantities/charts/amounts and rates shown / displayed are exemplary and not recommendary or actual. The securities quoted are exemplary and are not recommendatory.


Topics Covered:
1. What is best strategy
2. What is best intraday strategy with no indicators
3. What is best short selling strategy
4. What is scalping in intraday
5. How to trade with scalping strategy
6. How to sell high and buy low
7. How to do intraday trading
8. How to trade in initial 15 minutes
9. What is best intraday trading strategy
10. How to do intraday trading in initial 5 minutes
11. What is the easiest day trading strategy?
12. Which timeframe is best for day trading?
13. What is the simplest intraday trading strategy?
14. What is intraday strategy for first 15 min
15. How to do day trading first 15 minutes
16. What is 15 min intraday strategy
17. What is Intraday 1st 15 min Range Breakout Strategy
18. What is best btst strategy
19. What is best stbt strategy
21. What is price action
22. What is open high open low strategy
23. What is swing trading strategy sniper

Tags:
#IntradaySetup #IntradayTrading #Stockmarket #Sharemarket #Trading #Intradaytrading  #tradeswings #nifty​ #option​selling #option​ buying #best​ share for intraday trading #best​ stock for intraday trading #option​ trading strategies #call​ options trading for beginners # intraday trading strategies #best​ intraday trading strategy #bank​ nifty jackpot trading strategy #bank​ nifty jackpot #intradaytradingstrategy​ #bestintradaytradingstrategy​ #intradaytip​ Intraday trading #strategies​# best intraday trading strategy# intraday trading for beginners# intraday trading #intradaytechniques​ #bestbtststrategy​ #IntradaySetup #IntradayTrading

Tags:
best price action trading strategy,price action basic,price action support and resistance,price action breakout and breakdown,trend line support and resistance,trend line breakdown,trend line breakout,top price action trading strategy,price action trading strategy,price action support,price action resistance,price action breakout,price action breakdown



options trading
options trading for beginners
option trading for beginners in hindi
option trading strategies
options trading explained
bank nifty option strategy
bank nifty trading strategy
option trading strategies
nifty option trading


option trading in share market
future trading in share market
Trading in Stock Market
options trading
future trading


how to make money in fno
how to earn money in f&o 
earn money in f&o 
fno trading for beginners
fno trading for strategies
options trading basics


futures and options trading
basics of futures and options trading for beginners
future and options regular profit
future and options monthly profit


risk in f&o trading
risk in options trading
risk in intraday trading 
risk in f&o trading for begineers
risk in options trading for beginners


trading mistakes to avoid
options trading mistakes to avoid 
5 options trading mistakes
f&o trading mistakes
things to avoid in f&o trading","बेन्ग नेफ्टी की यही पढ़टेजिया है, आप देख समकते हैं when the 혹़ि मोड़ते हैं, यहाँ पे 200 लम्ब होगा हैं, यहां तीन सो लम्ब बढ़ ओं ता तीन सो लम्ब ब्लोल से आपका रूम मैक देखने पर ध zij दर्ग में से ज़र जर ना है, साय को पता है</font></font></font></font></font></b</font></b कि तो बार तान rup main principle में से सरे शरूरी हो जातीinger करोगे तो मार्केट में क्या 50 point every day बनाना difficult हो जाएगा बिल्कुल नहीं, अगर आप देखोंगे इतने सारे दिनों में सिर्फ तीन बार stop loss हिट हुआ है, तो total 150 points आपका loss हुआ है, लेकिन अगर आप यहाँ पर देखोंगे तो एक ही दिन में आपने यहाँ पर 200 points बनाये हैं, यहाँ पर 200 points यहाँ पर 300 points बस लेकिन यहाँ पर target stop loss लगा के छोड़ देना है, मैं आपको लिक्के देता हूँ दोस्तो, profit बनाना difficult नहीं है, psychology आपकी ऐसी हो गई है, कि आपको losses बनाने की आदत पढ़ गई है, इसलिए आपको डर लगता है trade लेने में, high accuracy set up करने में, लेकिन आप देखो के मैंने आपको जो दिखाया, यह सारी चीज़े पेपर के उपर है, अब आप कुछ लोग बोलेंगे कि यहाँ पर सर चार्ट्स में बताना आसान होता है, आपको लाइफ ट्रेड़ करना दिफिकल नहीं है, मैं आपको लाइफ ट्रेड़ में भी बताऊंगा, दोस्तव अगर आप लाइफ ट्रेड़ चाहते होंगा श्राटेजी में पर, तो कमेंट में लिखियें, लाइफ ट्रेड़ मैं लेकिन आउंगा, मैंने बहुत सारे श्डरेटेजी से पर already लाइफ ट्रेड़ लाई हुई हैं, आपछों देखी भी हैं, जिन लोगों से नहीं देखिये, विशवास नहीं है, वीडियो में यहीं बंद करदिजी हैं, जिन लोगों पर मुझे पर विशवास हैं, जिन लोगों पर मुझे पर विशवास हैं, जिन लोगों पर मुझे पर विशवास हैं, आगे बड़ेंगे और आपको बताऊंगा कैसे आपको इस स्ट्राटेजी को करना हैं, हलो वेडियों, वाल्कुब ट्रेट स्ट्रेंक से आपको बताऊंगा, आपका आज का दिन प्रोफेटेबल रहा होगा, हमारे बहुत सारी स्ट्रेटेजी ने यहाँ पर अच्छे रिजार्ड्स दिये हैं, और काफी सारी लोगों ने टेलिग्राम के मुझे मेसेजिस भी किये हैं, मैं आपको बताऊंगा, टेलिग्राम चानल को अभी तक आपने जॉइंग नहीं किया है, तो अभी के अभी डिस्क्रिप्टियन में लिंक दी है, बस फ्री अफ़ कॉस टेलिग्राम चानल, इसको जॉइंग किये, मैं यहाँ पर काफी इंपोर्टेंट लेवल्स अपडेट आपको भी जानने हैं, तो बस टेलिग्राम चानल को जॉइंग कर दिजे, डिस्क्रिप्टियन में लिंक दी है, वहाँ से आप एक क्लिक में इसे जॉइंग कर सकते हो, दोस्तों यहाँ पर एक चीज़ आपको शेयर करना चाहूँगा, बहुत सारे लोगे जो हमसे सीखना चाहते हैं, और इसलिए मैंने एक कोर्स, एक कोर्स आपको free of cost मिल जाएगा, बस आपको हमारे application को डाउनलोड करना है, कुछ नहीं करना, अप को डाउनलोड करना है, प्लेस्टोर पर हमारा अप अबलेबल है, ट्रेट सुनुज का, जैस आपको प्राइज एकशन का कोर्स हो, आपको वो free में दिया जाएगा, अब जो भी आपका यहाँ लग होगा, वो कोर्स आपको मिल जाएगा, बस आपको अप को डाउनलोड करना है, यह एक ओफर मैंने लिए पिछले कई दिनों से यह ओफर शुरू है, तो आप लोग अग होगा कि मार्केट में profit क्यों नहीं कर पाते लोग, क्योंकि हम लोग क्या करते हैं, किसी एक strategy के ऊपर stick नहीं करते हैं, अब काफी लोग बोलें कि सर आप strategy अलग-अलग post करते होँ, इसलिए हम लोग अर्थिन, देखें मैंने आपको किसी को भी ऐसा नहीं बता है कि आप हर दिन अलग-अलग strategy को करो, मैंने आपको एक strategy दी है, उस strategy को आप discipline से follow करो, अब ज़रूरी नहीं है कि मैं खुद भी एक ही strategy को हर दिन उसके बारे में updates post करते रहो, definitely दोस्तों आप लोग उससे profit बना रहे हो, सीख रहे हो, मैं उसके updates post करूंगा, लेकिन मैंने यहाँ पे अलग-अलग strategies लोगों को करते हुए देखा है, उससे profits बना देखा है, किसी को कोई एक strategy से profit होता है, किसी को दूसरे strategy से, लेकिन लगातार अगर वो strategy वर्क कर रही है, तो आपको उसपे अडे रहना बहुत जरूरी है, risk reward उसमें maintain रखे, मैं खुद भी दोस्तों एक strategy, दो strategy यही follow करता हूँ, मैं ज़्यादा multiple strategy से trade नहीं करता हूँ, मैं आप लोग को दिखाता हूँ live trade लेकिन, कैसे market में यह strategy वर्क होती है, लेकिन मैंने खुद के लिए भी दोस्तों एक से दो setup ही रखे, जिसके उपर मैं हर दिन work करता हूँ, और यहाँ पे मुझे यह profitable लगते है, आपको यहाँ पे कौन से strategy convenient लगती है, उसके according आपको आगे जाना है, उसे करना है, आप करके देखिए, capital को grow करके देखिए, जैसे यह setup मैं आज आपको बता रहा हूँ, इस setup को आप market में करके देखे, कभी ना कभी तो market आपको पैसा देगा, हर दिन आपको पैसा लेने का काम करेगा, ऐसा setup तो मैं आपको नहीं बताओंगा, यह देखिए, अभी यहाँ पे हम लोग बात कर दे, देखिए, यहाँ पे आपको दिखाओंगा entry exit कैसे करना है, कैसे इस strategy को आपको accurately market में perform करना ह हम लोग bank nifty के time frame पे, हम लोग intraday strategy करने वाले हैं, अगर आप यहाँ पे देखोंगे दोस्तों, तो यहाँ पे देखे, market में आपको continuous candles 30 minute की यहाँ पे देख रही है, अब हमें market का एक नजरिया समझना है, market हमेशा से एक change करता है, twist लाता है, half session के बाद, मतलब पहला session market का ज first half जिसे हम लोग कहते हैं, तो market अपने first half में जो trend चल रही है, उसे या तो continue करेगा, या market उस trend को reverse करेगा, यह दो possibility है, या तो market क्या करेगा, कि sideways रहेगा, यह तीम possibility है, इससे जादा market में कुछ नहीं हो सकता, अगर market पहले downtrend में है, first session में, तो दूसरे session में भी market downtrend जाने के लिए market यहाँ uptrend में चले जाए, पहला downtrend, फिर uptrend, या पहले uptrend जाए, फिर downtrend जाए, या पहले uptrend जाके थोड़ा halt करे, फिर वापस trend को continuation में डाल दे, मतलब continuation trend, तो यही 2-3 possibilities market में है, अब आपको trade कैसे लेना है, सबसे पहले जो 12-15 की candle है, सवा 12 बज़ी की candle है, उसके high और low को आपको mark करना है, देखिए, जैसे कि यहाँ पे आप candle को देख सकते हो, तो इसके high को mark करो, और साथ ही साथ आपको इसके low को भी mark करना है, देखि� जैसे कि देखिए, मान लिज़े यहाँ पे bank निप्टे के chart में मैं थोड़ा सा buffer लगाओंगा 5-10 points का, आपको यहाँ पे 5-10 points का buffer लगाना है, जैसे ही यहाँ पे entry मिल जाती है, आपको ले लेना है इस level पे, आप देखोगे देखिए, यहाँ पे मैंने मान लिज़े entry बना ली, तो आपको कितने points का यहाँ पे target मिला है, आप देखोगे market में यहाँ पे करीब-करीब 400 points तक की momentum आप capture कर सकते थे, spot के chart में, लेकिन आगर आप options में trade कर रहे हो, तो आपके options के according यहाँ पे आपको 200 points मिलते थे, इसके आदे पकर लिज़े 400 के 200 points तक आपको target मिलता था, stop loss मैंने कितना लगया है, देखे risk भी होता है, क्योंकि जादा तर से trader डरते क्यों है, आप भी कल अगर मैं आपको बोलता हूँ, य क्योंकि मैं target कर रहा हूँ 200 points, 100 points, 200 points जादा हो गया, मैं 100 points का target कर रहा हूँ, तो 100 points के लिए आप कितने points के कुर्बारी देने को तयार हो, आपको कुछ ना कुछ तो देना ही होगा, आप without कुछ risk दाव पर रखे, आप यहाँ पर चाल नहीं चल सकते, तो आपको दाव पर क्या डालना है, 50 points, देखे यहाँ पर 50 points का मैंने stop loss लगा दिया, और 100 points का target लगा दिया, तो आ मेरा जो target है वो 14-15 मतलब मान लिजे यहाँ पर सवा दो के आसपास मेरा target हचू कर लिया है, ऐसे करके आपको जो 12-15 की केंडल है, उसके high low को mark करना है, थोड़ा सा buffer लगाना है, 5-10 points का और analysis करते हो, यहाँ पर entry बना लेनी है, और target रखना है, stop loss और आपको reward का भी target ल candle है, तो मैं इसके high को mark करता हूँ, देखे, अगर यह candle जादा बड़ी बन जाती है, तो हम उसे avoid करेंगे, क्योंकि देखे, अगर candle बहुत बड़ी बन जाती है, जैसे कि यहाँ पर यह candle बनी है, तो अगर मान लिजे candle bank nifty के according, अगर candle बहुत जादा बड़ी बन जाती है, जैसे यहाँ पर 434 point की candle बनी है, अब यह 30 minutes का chart है, यह भी आप consideration में रखे, तो 30 minutes के according, अगर 100 points के अंदर वाली candle बन जाती है, यह 100 points के आसपास, जैसे कि यह 172 points की candle है, अगर मैं इसे options के chart में समझूंगा, तो यह मुझे 100 points के आसपास पकड़ने लेगी, candle यह लगेगी, तो 100 points के आसपास वाली candle है, तो हम लोग उसे consider कर सकते है, 150 point वाली consider कर सकते है, क्योंकि यह 30 minutes का chart है, यह 5 minutes वाला chart तो है, तो candle तो बड़ी बनेगी, लेकिन 400 points या 350 points यह बहुत जादा बड़ी होगी, तो इसमें आपका stop loss सही से नहीं बैटेगा, यहाँ पे आपका stop loss बराबर बैटेगा, क्योंकि आपका जो stop loss है, वो भी 50 points के आसपास आने वाला है, तो यहाँ पे देखे, simply आपने stop loss लगा दिया, यहाँ पे आ देखे, मैं अगर देखूंगो तो मेरा stop loss हिट नहीं हुआ है, लेकिन करीब-करीब मेरा one is to two का target देखे, यही पे इसी candle ने one is to two का मेरा एच्छू कर लिया, थोड़ा time लग गया, लेकिन एच्छू कर लिया, और जादा time भी नहीं लगा, आप देख सकते हो, यहाँ पे entry बनी 1245 को, और target एच्छू करने वाली candle है 1345 की, तो आराम से हमारे target यहाँ पे एच्छू हो गया है, 30 minutes का time frame में, क्योंकि कभी-कभी थोड़ा false break out होता है, या चोटे-मोटे break out होते हैं, उसमें आपको problem ना हो, इसलिए हम लोग यहाँ पे थोड़ा सा buffer लगा के entry बनाते हैं, अब यहाँ पे देखें, हम लोग यहाँ पे देख रहे हैं न, यहाँ पे फाइदा हो गया, अगर आप उपर के side देखोगे, तो उपर भी हमने एक buffer लगाया, तो उपर का buffer यहाँ पे break हो गया, और यहाँ पे हमने entry बनाई, यहाँ पे entry बनाई, simply buffer break होने के बार, 50 points का stop loss और आप देखें, market में कितने points तक का profit आप ले सकते थे, 580 points के बी यहाँ तो trend को इस तरही के से reverse करता है उपर की तरहों, यह दो ही चीज़े market में ज़्यादा तर से possible हैं, तो यहाँ पे हम लोगों ने देखे, trend continuation से कमाया, यहाँ पे reversal trend से कमाया, दोनों case में हमें profit बना है, सवा बारा बज़े की candle है, यह यहाँ पे main attraction, main center साबित हुई है, अब यहाँ पे देखे, यहाँ पे stop loss हिट हो गया, तो एसे case में stop loss क्यों हिट होता है, यह सवा बारा बज़े की candle है, यह सबारा बज़े की candle है, यह निकाएन, वह उसमें कोई सा सुना तो नहीं है, यहां पे देखे यह है, टुबाल फ़िफ़्टीन की candle, कितनी बड़ी candle है पहले आपको दिखा लेता हो देखे 120 point की candle है, तो perfect candle है बिलकुल अब इसके high को mark करूंगा, देखे, लोको mark � पर इस में कैसे होगा, इस में आपको यह देखना है कि आज आपने कुछ कमाए, गल कुछ कमाए, परसो छटा loss किया, उसके बाद में कुछ कमाए, थोड़े गवाए, थोड़े कमाए, ऐसा कर करके महीने भर में, अगर आप यहाँ पे मानलीजे एक lot से trading कर रहो, और एक lot के लिए आपने 2.5 लग बचते थे, तो यही होता है गेम, यही होता है सारा rules जिसे आपको सेट करना है, जैसे आप यहाँ पे देखोगे, आपको 200 points मिले है, क्यों मिले है 200 points, यह देखे, यह 12.15 की candle है, इसके मैंने मानलीजे high को mark कर लिया, देखे मैंने high को mark कर लिया, साथ यह 12.15 की candle है, इसका low यहाँ पे आता है, और इसका buffer जो है, वो मैं यहाँ पे लगा दूँगा, तो आप clearly देख सकते हो, यहाँ पे अगर हमने buffer पे entry बनाई होती थी, देखे इस case में, तो simply आपको कितने points मिलते थे, आपको देखे दो, तो देखे यहाँ तक 437 points आपको मिल सकते है, यहाँ पे momentum दिया है, 30 minutes की candle से, यहाँ पे भी हमारे target बहुत अच्छी तरीके से achieve होता था, उससे एक बार फिर से remind करना चाहूँगा कि जिन लोगों ने अभी तक tradesman's के application को download नहीं किया है, वो जल्दी से जल्दी download कर लीजे, क्योंकि आपको एक फाइडा मिलेगा यहाँ पे हमारी team की तरब से आपको एक free course प्रोवाइड किया जाएगा, जिस free course की मदद से आप काफी कुछ सीख सकते हो, यह course हो सकता है, दोस्तो price action related हो, यह course हो सकता है, धमाल यह course हो सकता है, किसी भी course को आपको यहाँ पे अगर चाहिए free में, तो आपको simply app डाउनलोड करना है, app डाउनलोड करके आपको हमारी टीम जो है, वो इस course की link प्रोवाइड करेंगे, recorded वीडियो जो होंगे, उन्हें देखना आप इसलिए शुरू भी कर सकते हैं, और बाके भी बहुत सारे materials आपको यहाँ पे मिल जाएंगे, दोस्तो अब आगे जाते हैं और यहाँ पे देखते हैं, दोस्तो देखें किस तरीके से यहाँ पे पचास पॉइंट का प्रोफ़िट हुआ है, यहाँ पे स्टॉप लॉआ सिट हुआ है पचास पॉइंट का, आज के मार्केट के अगर � आज के दिन मार्केट में अगर आपने बफ़र लगाया होता था और एंट्री बनाई होती थी, तो आपको आज भी दोस्तो यह पॉइंट मिलते हैं, देखें सिंप्ली यहाँ पे एंट्री बनती थी और आप यहाँ पे मार्केट से आप देखें इसी कैंडल में आपको ल� एक लोट में, मालिजा आपको यहाँ पे एकसो साट, बतलब असी पॉइंट आपको मिलते थे, तो देखें असी इंटू बैंक निफ्टी का एक लोट पच्चीज का है, तो यहाँ पे आपको दो हजार पॉइंट मिलते थे, अगर इसी स्ट्रेटेजिगो आपने चार � लोट में, आपको यहाँ पे 2,000 रुपीज का रिवार्ड मिल रहा था, तो चार लोट में, अगर आप रिस्ट केलकुलेशन करोगे, तो आपको 5,000 तक का रिस्ट था, लेकिन जो प्रोफट आप यहाँ पे बनादे थे, वो भी यहाँ पे अलमोस्ट डबल होता था, तो य इंटरवल स्ट्रेटेजी, बैंग निफ्टी वाले लोग, और निफ्टी वालों के लिए कमाल स्ट्रेटेजी, यह सेम जो लोजिक है, सेम एंट्री पॉइंट है, 12-15 का, वो उसमें समझाया हुआ है, आप देखा और देखके वहाँ पे ट्रेट भी कर सकते हो, दोस्तों आपको आज का यह वीडियो पसंद आया होगा, वीडियो पसंद हो तो फटाफ़ट लाइक पे बटन दबाईए दोस्तों, क्योंकि जितने जादा लोग वीडियो को लाइक करेंगे, शेयर करेंगे, उतना ही दोस्तों मुझे मोटिवेशन मिलेगा आपके लिए ऐसा कौं�","This text seems to be a mixture of Hindi and a few other languages, making it difficult to provide an accurate translation. It appears to discuss trading strategies and the importance of discipline and following a specific strategy. However, some words and phrases are unclear, making it challenging to translate the entire text accurately.""I do not trade based on strategy, I show you live trades, but how this strategy works in the market, but even for myself, I keep only one or two setups, on which I work every day, and here I find them profitable. Which strategy do you find convenient here, you have to go ahead according to it, you have to do it, try it and see, see how your capital grows, like the setup I am telling you today, try doing it in the market, someday the market will give you money, you will make money every day, I will not tell you such a setup, see, let's talk about it here, see, I will show you how to enter and exit, how to accurately perform this strategy in the market, we are on the bank nifty time frame, we are doing an intraday strategy, if you look here, friends, you can see continuous candles of 30 minutes, now we need to understand the perspective of the market, the market always changes, brings twists, after half a session, meaning the first half of the session that we call, so the market will either continue the trend that is happening in its first half, or it will reverse the trend, these are the two possibilities, or the market will stay sideways, this is the third possibility, nothing more can happen in the market, if the market is in a downtrend in the first session, then in the second session, the market will either go in an uptrend or reverse the trend, first downtrend, then uptrend, or first go in an uptrend, go in a downtrend, or go in an uptrend and pause for a while, then resume the trend, I mean continuation trend, these are the 2-3 possibilities in the market, now how to take the trade, first of all, the candle of 12-15, the 12 o'clock candle, you have to mark its high and low, look, as you can see the candle here, mark its high, and also mark its low, look, let's say, in the chart of Bank Nifty here, I will put a little buffer of 5-10 points, you have to put a buffer of 5-10 points here, as soon as you get an entry here, you have to take it at this level, see, you will see, I have assumed the entry here, so how many points target have you got here, you will see in the market, here you could have captured momentum of almost 400 points in spot, but if you are trading in options, you would have got 200 points according to your options, consider it to be 400, you would have got target of 400, how much stop loss have I put, see, there is also risk, because most traders are scared, if I tell you, because I am targeting 200 points, 100 points, it has become more, I am targeting 100 points, so how many points are you willing to give for 100 points, you will have to give something, you cannot make it without risk, so what do you put on risk, 50 points, see, I have put a stop loss of 50 points here, and a target of 100 points, so my target is around 14-15, consider it as my target, so by doing this, you have to mark the high and low of the 12-15 candle, put a little buffer of 5-10 points, and do the analysis, make an entry here, and set a target, stop loss, and also set a target for reward, so I mark the high of this candle, see, if this candle becomes too big, then we will avoid it, because you see,""If the candle becomes very large, like the candle formed here, then if we consider the candle according to the bank nifty, if the candle becomes very large, like the 434 point candle formed here. Now this is a 30-minute chart, which you should also consider. So according to the 30-minute chart, if a candle is formed within 100 points, like this 172-point candle, if I understand it in the options chart, then it will give me a hold around 100 points. If it is a candle around 100 points, then we can consider it, we can consider it around 150 points, because this is a 30-minute chart, there is also a 5-minute chart, so the candle will be large, but if it is 400 points or 350 points, it will be too large, so your stop loss will not work properly. Your stop loss will be equal here because your stop loss is also around 50 points, so see here, you have simply placed a stop loss. Here, if I look, my stop loss has not been hit, but my target of 1:2 is almost there. It took some time, but it was achieved, and it didn't take much time either, you can see, here the entry was made at 1245, and the candle that achieved the target was at 1345, so our target has been easily achieved here in a 30-minute time frame, because sometimes there is a false break out or minor break outs, so that won't be a problem for you, so we put a little buffer here and make the entry. Now see here, we see here, it has benefited us. If you look at the upper side, we also put a buffer there, so the buffer above has broken and we made the entry there. Simply, after the buffer breaks, the stop loss of 50 points can be seen, and you can see how many points of profit you can take in the market, up to 580 points. Here, the trend reverses like this, either upwards or downwards, these are the only two things that happen in the market more often. So here, we see that we earned from the trend continuation and also from the reversal trend, in both cases we made profit. It is 1:43 candle, it has become the main attraction and main center here. Now see here, the stop loss has been hit, so why does the stop loss hit in such cases? This is a 1:43 candle, this is a 1:45 candle, it doesn't have any significance, it doesn't have any sound in it. See here, this is a 15-minute candle, it is a big candle, let me show you how big it is. It is a 120-point candle, so it is a perfect candle. Now I will mark its high, see, I will mark it on the touchline, and see how it will be in this. In this, you have to see that today you made some profit, some loss, the day before yesterday you made some loss, and then you made some profit, you made some loss, you made some profit, by doing this in a month, if you are trading with one lot and you saved 2.5 lakhs for one lot, then this is the game, this is all the rules that you have to set, like if you see here, you got 200 points, why did you get 200 points? See, this is a 12:15 candle, I have marked its high, see, I have marked its high, along with it, this is a 12:15 candle, its low comes here, and its buffer, I will put it here, so you can clearly see how many points you would have gotten if you had made an entry on the buffer, see, in this case, so you got so many points, see, you could have gotten up to 437 points, momentum was given from the 30-minute candle, our target was also achieved very well here.I would like to remind once again that those who have not yet downloaded the tradesman's application should do so quickly because you will receive a special offer from our team, which is a free course. With the help of this free course, you can learn a lot. This course could be about price action, it could be amazing, it could be exciting. If you want any course for free here, all you have to do is download the app, and our team will provide you with the link to this course and other materials. Now let's move forward and see how we made a profit of fifty points here. We placed a stop loss at fifty points. If you had placed an entry in the market today, you would still get these points. Look, the entry was simple here, and you see that in this candle, you get a profit of one lot, meaning you get fifty points. So look, this is a lot of Nifty intraday, and here you get two thousand points. If you had taken this strategy in four lots, you would have been earning 2,000 rupees, but the profit you made here was almost double. So this is an interval strategy, a great strategy for Nifty traders, and an amazing strategy for Nifty traders. The logic is the same, the same entry points, explained from 12-15. You see it and can start trading there. I hope you liked today's video. If you liked the video, quickly press the like button because the more people like and share the video, the more motivation I will get for you.",<PIL.JpegImagePlugin.JpegImageFile image mode=RGB size=640x480 at 0x78DC667D6050>,https://www.youtube.com/watch?v=BnZU6qYVUl0,The financial influencer suggests a trading strategy based on the high and low of the 12-15 candle in the market. He advises to put a buffer of 5-10 points and make an entry at this level. He suggests setting a stop loss of 50 points and a target of 100 points. He also advises to avoid large candles as they can disrupt the stop loss. He claims that this strategy can yield a profit of up to 580 points. He also promotes a free course available through the tradesman's application.,"The influencer's claims are based on his personal trading strategy and experiences, which may not be universally applicable. The success of a trading strategy depends on various factors including market conditions, individual risk tolerance, and investment goals. Therefore, it's important to do your own research and consider seeking advice from a financial advisor before implementing such strategies. The claim about the free course needs to be verified by checking the tradesman's application.",neutrality
swst4yk-ow8,Bank Bees 100% Risk Free Investment | 1 लाख से 1 करोड़ कमाएं! | Mukul Agrawal,Dr. Mukul Agrawal,"For daily stock market updates join our Telegram Channel 
https://t.me/themukulagrawal #bankbees #howtoinvest #bankbeestradingstrategy
How to Invest in Bank Bees? | Bank Bees Trading Strategy | Bank Bees Analysis | Bank Nifty | What is Bank Bees? | Bank Bees in Hindi | Bank Bees Strategy | How to buy Bank Bees?

✅ join WhatsApp channel - https://whatsapp.com/channel/0029Va9Geoy72WTt3Qnro42V

Join YouTube Paid Membership for more Earning :
https://www.youtube.com/c/mukulagrawal/join

Open your Demat & Trading Account with us and Get the opportunity to Join our ""Premium Group"" on Telegram

►Open Free Demat Account on Upstox: https://bit.ly/DematAcOpenUpstox

NO AMC Charges for Lifetime

Offers valid for Limited Time. Start earning with refer and earn upto Rs 1200 per referral.
_______________________________
►Open Free Demat Account on Angel - https://tinyurl.com/2242qhhm

Also Refer and Earn upto Rs 5000 Vouchers per account opening. Just open your own Demat account and share the refer link to your friends and start earning.
_____________________________

_____________________________
Once you open demat with above link, Please Update us on info@agrawalcorporate.com

With: Name | Contact No | Email ID | User ID (Broking Name) 
We will verify and update you with a week over mail itself.

*Must fill the form if you want a FREE session*

Topic- Big profit booking aur stop loss hit se bachane wala brahmastra

https://docs.google.com/forms/d/e/1FAIpQLSfrYge5G3y_dCxaVs3HbS8abgO1ppR0W50h249mdovys_3pCg/viewform?usp=sf_link

► Mukul Agrawal Shorts - https://www.youtube.com/channel/UCW0sZThq7_waAZrIirO9YIg
► Telegram: http://bit.ly/telegrammukul
► Facebook: https://www.facebook.com/themukulagrawal
► Twitter: http://bit.ly/mukultweet
► Instagram: http://bit.ly/instamukulagrawal
► Website: http://bit.ly/agrawalcorporate
► WhatsApp: +919708094321

📚 Top Free Stock Market Books for Beginners-

➼ Rich Dad Poor Dad - https://amzn.to/3r4g5bA
➼ The Intelligent Investor - https://amzn.to/2KQH3Bd
➼ The Dhandho Investor - https://amzn.to/2KQHkEf
➼ Common Stock and Uncommon Profit - https://amzn.to/2X1em78
➼ One Up On Wall Street - https://amzn.to/35fnNEP
➼ The Warren Buffet Way - https://amzn.to/34Y9Drk
➼ Rich Dad Poor Dad ( hindi)  - https://amzn.to/3s7Gns7
➼ The Intelligent Investor ( hindi ) - https://amzn.to/35pEBJ1 
➼ How the World’s Greatest Investors Win in Markets - https://amzn.to/3hBvhJ7

-----------------------TAGS-----------------

🎥 More Useful Videos:

► Playlist of Free Technical Analysis Courses
https://www.youtube.com/watch?v=S4LsrNvxCkY&list=PLai_Iuvg7ZG9YAhkmH4xPlLZ3FRhQ8UDY

► swing trading strategies
https://youtu.be/Mf8iNoQRrZ8

► ema trading strategy 
https://youtu.be/tOaVQz7Hnyg

► 5 minute trading strategy | open high low strategy 
https://youtu.be/TJvRBF5zXy8

► How to Select Intraday Stocks 
https://youtu.be/YEwqLcFLtTE

► 1 Lac ki Paid Strategy free
https://www.youtube.com/watch?v=Mbt4oFVGyzo

► Pin Bar Trading Strategy 
https://www.youtube.com/watch?v=a0aJYCFPv-A

► Inside Bar Trading Strategy 
https://www.youtube.com/watch?v=IahxsbGWjgA&t=107s

► Demand Supply Trading Strategy
https://www.youtube.com/watch?v=oEJXErJfBb4

► Opening Range Breakout Strategy
https://www.youtube.com/watch?v=UeGQ03DPH4E&t=397s

► How to trade in nifty & stocks With my levels
https://www.youtube.com/watch?v=ZLXub9mUOTc&t=2s

► Profit Booking Strategies Explained 
https://www.youtube.com/watch?v=Ow0-dkzrlQ4

► Leading vs Lagging Indicator 
https://www.youtube.com/watch?v=H6dhT-Vsjgc&t=35s

► Robo Trading Strategy 
https://www.youtube.com/watch?v=S4LsrNvxCkY

► VWAP Trading Strategy
https://www.youtube.com/watch?v=qZ4DwZKWs8I&t=1s

► Jackpot GAP strategy 
https://www.youtube.com/watch?v=tz9Yf-lkoc4&t=2s

► Best Time Frame For Intraday Trading 
https://www.youtube.com/watch?v=XZWqo-8nQdI&t=15s

► RSI Trading Strategy 
https://www.youtube.com/watch?v=U4e2Mc5JP98


🌟 About Us:

Our Channel is dedicated to stock market beginners, whereby we deliver nifty, bank nifty and other stock market-related advance and pinpoint prediction to the traders willing to make money stock market Technical Analyst | Technical Analysis Workshop & Webinar | ISO Registered | TEDx & Rotary Club Speaker | Technical Analysis Society Singapore Member

Topic: This video will show you everything you need to know about 

This channel is for stock market traders who are willing to learn the secret of risk-free trading. 

⚠️ DISCLAIMER:

The videos are strictly for educational purposes and do not provide any advice/tips on Investment or recommend buying and selling any stock.

We neither take guarantee of profit nor stand responsible for any losses of any recipient.
The recipients of this material should take their own professional advice before acting on this information the recipient is advised to read the information carefully before any investment."," Hello everyone how are you all and what's going on? A few days ago we made a video on Nifty Bees, which you guys gave a lot of love. And told me that sir, if we did for retail and small traders, then gave good medicine, and asked that a video should be made on bank bees. So today we will tell you about Bank Bees from A to Z because it is also a good medicine for small traders who have 5-10 thousand rupees to invest. So for those with less funds, this is such a video, save it in the library. So I mukul Agrawal welcomes you on your YouTube channel , so those who are new here , please subscribe to the channel and press the bell icon and turn on the notification  Because when the video is uploaded or live you will get notification and you will not miss. ( INTRO MUSIC ) Bank Nifty Index is the weights average value of these banks in India which are listed on NSE. And if you trade through intraday-future options then you can buy or sell Bank Nifty in any way, But here we are talking about long term investment. That's why let me tell you that you cannot invest direct  in bank nifty, when you are doing it in futures and options, then you have to face expiry somewhere. So for this you can use 2 popular methods Bank Bees (TTF) and Bank Nifty Index Fund ,So today we will know about bank Bees. Bank Bees is and ETF which includes Stocks of 12 major banks of the country , And I would like to show you the weightage of these banks in front of you. HDFC Bank 29.74% , ICICI Bank 19.32%, Kotak Mahindra Bank 16.00%, Axis bank 12.62, SBI 12.54%, IndusInd Bank 3.52%, Bandhan Bank 1.42% , Federal bank 1.36% , Bank of Baroda 1.07% , RBL bank 1.06% . Now what is the good thing here, think if you have invested money in one of your shares, the RBL is sinking you sunk. But if you invest money in bank bees, it will never sink, you will get 100% return, you will get it with guarantee, you will get risk free. But when invest in banks of baroda, federal, RBL, then there is a fear that if it is falling then how much will fall, my money should not be wasted. So there is no such fear here, no, no, so press the like button immediately And have started on Telegram, a chart every day on your demand means a chance to earn money in intraday, link is in description join . Now, the price of bank Bees moves according to bank nifty, that means if bank nifty is in uptrend then it is also uptrend, if Bank Nifty is in downtrend then it will also fall. So you can easily buy through bank twenty like you buy stock and if you have demat account then good and if not then link is in description open from brother's link and give love. Here you get most diversified exposure at lowest possible unit size, approximately value of bank Bees will be 1/100 th value of the bank nifty price. Meaning now if you divide by 100 then that will be the price of bank nifty bees, that means if bank nifty is 33,000 today then divide by 100, So near 330 rupees. Invest Rs 330 in diversified bank without risk, trading is being done in the NSE BSE as your wish. Advantage of nifty bees is that bank Bees is very economical, Economical means No load scheme like mutual fund Those who take many simple schemes in mutual funds on a permanent basis, so no load schemes, just pay the brokerage just like share. And the biggest advantage is that your capital is never going to be in Higher losses, no chances of 0 ,Take a share and its price is 1000 then it can also be 1 rupee, right. Which one to buy, not to buy, I do not understand, the list will be such that there are countless thought processes, But the index is never zero. 60% may fall, 70% may fall, but if you take bank bees in the loss, then the return will be that which no power in the world can give. And Warren Buffett sir also says that it beats everyone, now it is the most convenient, why, because it is listed in NSE, Bought it and sold it to his broker, just finished the job. If there is any movement in the market, then immediately change your position, as you check your portfolio, you can check it. You are its owner, you are its boss, you yourself have your desicion, don't have to worry too much the performance of Bank Bees is as per the results of Bank Nifty Index. Shows on that basis, plus there is never a capital zero here, they have liquidity that any time you want money, you can sell your units in the markets. So there is no tension of liquidity, no human error, if we see Mutual fund so Many human errors, human Desisions, there are many stories which can make a problem in bias of fund manager. But there is nothing like this here, if Bank Nifty is performing then your money is performing, Bank Bees is Better than mutual fund. If you want to invest in mutual funds with low risk they you have to do KYC, if you go through an agent then you will have to pay commission. May perform and may not perform, while banks bees  have less risk than mutual funds, do not open a separate demat account, keep taking it every month as a sip comfortably and you will get return. Now what are the disadvantage, know the advantage, now know the disadvantage too, there is no disadvantage till now. But it is definitely that many mutual fund banks have performed better than bank bees, this is also true. But the question is whether you will be able to take it or not, are you that intelligent or not? But if we talk about diversification in portfolio, then this is such a medicine for small traders who can take diversification of banking sector in their portfolio at a low price. Because money is not much, and if someone takes one share, if someone buys one bank, then how many will buy, 5-10 ,But here you have a lot of variety. Yes Bank, want happened, Money wasted , But will it ruin it, no , so this is a very simple thing. Where it is believed that the return of 12% gets you the minimum side very comfortably, and when I get the return of 12% then I open a calculator And what do I do in this calculator that I see that you are investing 5000 rupees every month for the next 25 years And I have put only 12% and then calculated, then the money that is being made is around Rs.94,88,175. Meaning you invest only Rs 5000 every month and you get Rs 1 crore after 25 years ,It is guaranteed according to what the history says, not a risk. So where are you taking the risk, new people like you who are coming in the market are going to the risk zone, are they or not? So if you want to do whatever you want to do for your children, you want to make the future of your children, and you do not have any knowledge so this is made just for you . And whether this video is of nifty bees or bank bees, it should be shared so that it reaches every household in India. And they should know that I can invest and get better return than anywhere else, and love should keep pouring in. Thankyou so much India will learn then India will learn Jai Hind Jai Bharat","""Hello everyone, how are you all and what's going on? A few days ago, we made a video about Nifty Bees, which received a lot of love from you guys. You requested that we make a video about bank bees for retail and small traders. So today, we will be talking about Bank Bees in detail because it is a good option for small traders with an investment of 5-10 thousand rupees. This video is specifically for those with limited funds, so make sure to save it in your library.

I, Mukul Agrawal, welcome you to my YouTube channel. For those who are new here, please subscribe to the channel, press the bell icon, and turn on the notifications. This way, you will receive notifications whenever a new video is uploaded or when we go live, so you won't miss anything. (INTRO MUSIC)

Bank Nifty Index represents the weighted average value of the banks listed on NSE in India. While you can buy or sell Bank Nifty through intraday-future options, we will be discussing long-term investment in this video. When investing directly in Bank Nifty, you face expiration issues. This is where Bank Bees (TTF) and Bank Nifty Index Fund come into play. Today, we will focus on Bank Bees.

Bank Bees is an ETF that includes stocks of 12 major banks in the country. Let's take a look at the weightage of these banks: HDFC Bank 29.74%, ICICI Bank 19.32%, Kotak Mahindra Bank 16.00%, Axis Bank 12.62%, SBI 12.54%, IndusInd Bank 3.52%, Bandhan Bank 1.42%, Federal Bank 1.36%, Bank of Baroda 1.07%, and RBL Bank 1.06%.

The advantage of investing in Bank Bees is that you won't face the risk of sinking your investment, unlike investing in individual bank stocks. You are guaranteed a 100% return and your investment is risk-free. When you invest in banks like Bank of Baroda, Federal Bank, and RBL Bank, there is a fear of losing your money if their stock prices fall. However, this fear doesn't exist with Bank Bees. So, hit the like button and join our Telegram channel, where we provide daily charts based on your demand for intraday trading opportunities. The link is in the description.

The price of Bank Bees follows the movement of Bank Nifty. If Bank Nifty is in an uptrend, so is Bank Bees, and if Bank Nifty is in a downtrend, Bank Bees will also fall. You can easily buy Bank Bees just like you buy individual stocks. If you have a demat account, great! If not, open one using the link in the description.

With Bank Bees, you get the most diversified exposure with the lowest possible unit size. The approximate value of Bank Bees is 1/100th of the Bank Nifty price. So, if Bank Nifty is priced at 33,000, the price of Bank Bees would be around 330 rupees. Invest 330 rupees in a diversified bank without any risk. You can trade it on NSE BSE as per your preference.

The advantage of Bank Bees is that it is very economical. It is a no-load scheme, similar to mutual funds. Unlike mutual funds that have various schemes with different charges, Bank Bees only requires you to pay brokerage fees, just like shares. The biggest advantage is that your capital is never at risk of high losses or going to zero. If you invest in a share priced at 1000 rupees, it can drop to just 1 rupee. Bank Bees eliminates this risk.

Now, which one to buy and which one to avoid, I will not discuss further.""Understand, the list will be such that there are countless thought processes, But the index is never zero. 60% may fall, 70% may fall, but if you take bank bees in the loss, then the return will be that which no power in the world can give. And Warren Buffett sir also says that it beats everyone, now it is the most convenient, why, because it is listed in NSE, Bought it and sold it to his broker, just finished the job. If there is any movement in the market, then immediately change your position, as you check your portfolio, you can check it. You are its owner, you are its boss, you yourself have your decision, don't have to worry too much the performance of Bank Bees is as per the results of Bank Nifty Index. Shows on that basis, plus there is never a capital zero here, they have liquidity that any time you want money, you can sell your units in the markets. So there is no tension of liquidity, no human error, if we see Mutual fund so Many human errors, human Decisions, there are many stories which can make a problem in bias of fund manager. But there is nothing like this here, if Bank Nifty is performing then your money is performing, Bank Bees is Better than mutual fund. If you want to invest in mutual funds with low risk they you have to do KYC, if you go through an agent then you will have to pay commission. May perform and may not perform, while banks bees have less risk than mutual funds, do not open a separate demat account, keep taking it every month as a sip comfortably and you will get return. Now what are the disadvantage, know the advantage, now know the disadvantage too, there is no disadvantage till now. But it is definitely that many mutual fund banks have performed better than bank bees, this is also true. But the question is whether you will be able to take it or not, are you that intelligent or not? But if we talk about diversification in portfolio, then this is such a medicine for small traders who can take diversification of banking sector in their portfolio at a low price. Because money is not much, and if someone takes one share, if someone buys one bank, then how many will buy, 5-10 ,But here you have a lot of variety. Yes Bank, want happened, Money wasted , But will it ruin it, no , so this is a very simple thing. Where it is believed that the return of 12% gets you the minimum side very comfortably, and when I get the return of 12% then I open a calculator And what do I do in this calculator that I see that you are investing 5000 rupees every month for the next 25 years And I have put only 12% and then calculated, then the money that is being made is around Rs.94,88,175. Meaning you invest only Rs 5000 every month and you get Rs 1 crore after 25 years ,It is guaranteed according to what the history says, not a risk. So where are you taking the risk, new people like you who are coming in the market are going to the risk zone, are they or not? So if you want to do whatever you want to do for your children, you want to make the future of your children, and you do not have any knowledge so this is made just for you . And whether this video is of nifty bees or bank bees, it should be shared so that it reaches every household in India. And they should know that I can invest and get better return than anywhere else, and love should keep pouring in. Thank you so much India will learn then India will learn Jai Hind Jai Bharat.",<PIL.JpegImagePlugin.JpegImageFile image mode=RGB size=640x480 at 0x78DC6612B040>,https://www.youtube.com/watch?v=swst4yk-ow8,"The financial influencer, Mukul Agrawal, promotes Bank Bees as a safe and economical investment option for small traders. He claims that Bank Bees, an ETF that includes stocks of 12 major banks in India, offers a guaranteed 100% return and is risk-free. He suggests that investing in Bank Bees eliminates the risk of losing money as with individual bank stocks. He also states that Bank Bees is a no-load scheme, requiring only brokerage fees, similar to shares. He further claims that Bank Bees is better than mutual funds as it eliminates human error and bias of fund managers. He also suggests that investing in Bank Bees can provide a minimum return of 12% and can turn a monthly investment of 5000 rupees into approximately 1 crore rupees after 25 years.","The claim that Bank Bees offers a guaranteed 100% return and is risk-free is false. No investment is completely risk-free, and returns can never be guaranteed. The performance of Bank Bees is tied to the performance of the Bank Nifty Index, which can fluctuate based on various factors. The claim that Bank Bees is better than mutual funds is subjective and depends on individual investment goals and risk tolerance. While it's true that ETFs like Bank Bees can offer diversification, mutual funds can also provide diversification and professional management. The claim of a minimum return of 12% is also misleading as returns on investments can never be guaranteed and can vary based on market conditions.",Contradiction
_0fwOm5K7Og,Nifty Best Strategy || 100 % Prob. Of Profit || Best And Safest Nifty Option Startegy ||,Advance Option Trading,"Whatsapp Channel Link  
https://wa.me/917015710228

Telegram  
https://t.me/advanceoptiontrading

Nifty Best Strategy || 100 % Prob. Of Profit || Best And Safest Nifty Option Startegy ||


#Niftysafeststrategy
#Riskfreeniftyoptionstrategy
#zerolossoptionstrategy

# Nifty Option Strategy For Working People Part 1
https://youtu.be/xVkPJogTGQA

# Nifty Option Strategy For Working People Part 2
https://youtu.be/YMR44CZEGus

Disclaimer : I am NOT a SEBI registered advisor or a financial adviser.

Any of my investment or trades I share on my blog are provided for educational purposes only and do not constitute specific financial, trading or investment advice.

# Live Profit Video For Intrday 
https://youtu.be/n4HANJ0PHa8


# 1500 Points Nifty Range ! Risk free Option Strategy ! Full Detailed Video
https://youtu.be/Womi2l1Vx98


no loss option strategy

bank nifty no loss strategy

iq option no loss strategy

no loss nifty hedging strategy

zero loss option strategy

nifty zero loss strategy

CNBC Awaaz 

Zee Business
#safestoptiontrading
zero loss futures and options strategies

bank nifty options no loss strategy

zero loss trading strategy

no loss option trading strategy

Safe Option Strategies

Best Option Strategies

best option strategy

most successful options strategy

best day trading strategies

best stocks for covered call writing

best option trading strategy


best short term trading strategies

expiry day option strategy

bank nifty expiry day strategy

selling options on expiration day

trading options on expiration day

expiry day bank nifty option strategy

expiry day trading

option selling on expiry day

bank nifty expiry day strategy hindi

expiry day option trading strategies

bank nifty expiry day trading strategy

long hedge and short hedge

forward contract hedging



#NiftyOptionTrading
#AdvanceOptionTrading
Nifty options strategy 
Banknifty options strategy 
Zero loss option Strategy 
option strategies to generate monthly income

bank nifty chart , 
bank nifty tomorrow
nifty tomorrow
nifty today chart
commodity mcx trading
silver mini intraday trading
crude oil live
nifty chart
bank nifty today chart
nifty charts
bank nifty share price
bank nifty prediction 
bank nifty prediction for tomorrow
bank nifty and nifty technical analysis weekly range,nifty technical analysis for tomorrow,


banknifty analysis for tomorrow,nifty trend analysis for tomorrow,nifty chart,bank nifty chart


,dow futures,nasdaq futures,dow jones trading,hang seng market trading,nifty today chart,

bank nifty analysis,banknifty stocks analysis for tomorrow next week,bank nifty stocks analysis for next week,nifty analysis stocks for next week,supertrend indicator,

rsi indicator,Trading marathon ,Day Trader Telugu, Power of stocks Day trader ,wealth creation tips Intraday stocks for tomorrow

Weekly Strategy,Advance Option Trading,Option Strategy,option trading strategies,option selling strategies,nifty option selling live,option selling hedging strategies,hedging strategies in options,hedging strategies futures,#AdvanceOptionTrading,Safe option strategy,Safe Intraday Trade,Safest Option Selling Strategy,nifty option strategy,strategy for working people,sure profit strategies,safe strategies,zero loss option trading strategies,Risk Free Strategy

NIFTY TRADING STRATEGY,
 intraday, intraday strategy, simple intraday strategy, Share Trading Strategies,BANK NIFTY TRADING STRATEGIES,
bank nifty today, nifty prediction today,
volume profile in hindi,trading with volume profile,
intraday, mcx, crude oil,crude, crude oil trading tricks,open interest analysis,options trading,
options trading strategies,
Emotion in Investing,markets cientist,candlestick pattern,candlestick,
candlestick analysis,candlestick stock pattern,trusted spots,coolbrains,learn and earn,
How to find stocks for intraday,how to buy and sell in zerodha kite,zerodha trading tutorial in hindi,
bracket order,daily income plan,emotions,,share trading course,share market course.
day trading,best strategy on intraday trading,Candlestick types,Candle types,Candlestick analysis in Hindi
Candlestick Body
Japanese Candlestick
Rakesh Jhunjhunwala,share market
stock market for beginners tutorial
how to enter stock market for beginners,stock market guide,
share market basics for beginners,
share bazar ki jankari
how to begin investing in the share market,
share bazar basics,discount broker,how to open demat account,share,finology,nifty,BSE,NSE,
stock market index
what is sensex and nifty,
what is nifty and sensex
sensex,nifty index
strategies,
nifty 50 indices
bank nifty levels
technical analysis,
Trading strategies 
Intraday trading","प्राज्टेर भी टेलिगराम के लिए बना था दोस्तों आज हम बात करने वाला है निफ्टी वीडिया स्ट्राटेरजी मेरे बारे में जैसे अपने लिए होगा पिछले 2-3 महिने के मेरे जितने पुराने के लिए ट्रेड अपने सारे देखगे सारे बर्किंग पिपल स्ट्राटेरजी के ट्रेड होते है दोस्तों ये बिल्कुल सिंपल ट्रेड होते है जारा इनमें मार्केट वाच की जरूत नहीं पड़ती और 3-4% अराम से इसमें निकलाता है अब ये देखो जैसे कल मैं टेलिगराम पे ट्रेड पोस्ट कराते है इसको मैं थोड़ा डिटेल में बता रहता हूँ सिर्फ 2-3 मिन्ट में वीडियो को ख़तम करूँगा जाया लंबी वीडियो नहीं होगी इसमें 18,000 की एक पूट बाय है उससे 500 पॉंट नीचे की एक पूट सेल है और फिर उससे 2000 पॉंट नीचे की 6 पूट सेल है इसमें आपका रिस्क है निर 1000 रुपीज का यह मतलब 1000 का मैंने बिल्कुल मैंने मैकसियूम बता दिया इससे पर रिस्क नहीं होने वाला आपको और प्रोफिट है इसमें निर 7-8,000 रुपीज का मानलो एक अजार रिस्क के सामने अगर 7-8 अजार रुपे मिल रहे है आपको तो बढ़िया ट्रेड मान के चलो और यह नहीं है कि यह मैं दिसंबर का ट्रेड है तो आपको इसको दिसंबर तक रखना है पहले यह एक विल्कुल सिंपल ट्रेड है आपने 18,000 के एक पुट बाई कर लिया और उससे 500 पॉंट निचे के एक पुट आपने सेल कर दी सिंपल आपका मैकसिम प्रोफिट हो गया निर 18,000 का मैकसिम लोस हो गया निर 7,000 रुपीज का और यह ट्रेड मैंने कैसे लिया है यह बिल्कुल निर बाई के एटेम पे लिया है अभी निफ्टी का प्राइज चल रहा है 18,000, 52 रुपीज जब भी आप जैसे अभी नुवंबर चल रहा है तो मैंने यह next month का ट्रेड लिया है तो देखो एक चीज और आप जब भी अपसाइड का ट्रेड आपको लग रहा हो तब आप निर बाई के ट्रेड लिया करो जब आपको यह लग रहा हो न तो यह निफ्टी का ट्रेड ही डाउन साइड है तो आपको जैसे तो आपको जैसे निफ्टी का प्राइज अगर 18,000 चल रहा है तो आपको जो यह पहली पूट बाय करनी है यह कम से कम 500-600 पॉइंट नीचे की बाय करनी है और वो सिर्फ जब होगा जब निफ्टी का ट्रेड डाउन चल रहा होगा तो निफ्टी का ट्रेड डाउन चल रहा है तो इसलिए आपको करट एटियम पे ही पूट बाय करनी है एक सिंपल सा दो लाइन का रूल है इसको याद रख लो फिर आपको मिश्या याद रहे कर कब ट्रेड लेना है सिंपल ट्रेड बता रही है मैंने एटियम थाऊजन की पूट बाय 17,500 की पूट सैल है अब इसमें जो या 7,000 रुपे का लोस हो रहा हैं मैं इसको कम करने के लिए क्या करेंगे इससे 2,000 पॉइंट निचे की पूट जिसका पराइज पर इसके बीच में निफटी दिसंबर मंथ के अंड में उठी रहा है तो आपको इस ट्रेड को ले लेगे अब देखो इसमें अमारा मैकसियम प्रॉफिट हो गया 25,000 का पर यह 25,000 का मैकसियम प्रॉफिट अमें यह रेंज मिल रही है निर निर 15,500 से लेकर हमें इसमें रुखना ही नहीं है दिसंबर मंथ तक अब आप यह देखो जो जीरोदा आपको सारा दिखा रही है दिखा रहा है बिल्कुल लास्ट डे हमें तो मानलो ट्रेड हमें एकजिट करना है यह मानलो अगले दस दिन बाद आगर हम दस दिन बाद इस ट्रेड को देखते हैं अगर निफटी यहीं कह यहीं भी रह रही है कहीं भी निफटी ने मुम्मेंट नहीं दिया तो निर निर इसमें 5000 रुपीज का प्रॉफिट हो रहा होगा वो दोस्तो इसलिए इसलिए अगर दस दिन बाद भी मार्केट यहीं कह यहीं रही तो हमें निर निर 5000 रुपीज का प्रॉफिट हो रहा होगा अब यह मान के चलो यहां से निफटी और 500 पॉंट उठ गई निफटी अगर 500 पॉंट, 500-700 पॉंट भी उठ जाते जब भी निर निर 1500 पॉंट का ही प्रॉफिट हो रहा होगा लोजिक वो सिम्पल सेम है क्योंकि यह दोनों जाधा फार्क है दोस्तो इनका प्राइज जाधा स्पीड से गिरेगा यह निर बाए का होगा इसका तो ऐसा होता है अगर दिसंबर मन्त में इसका प्राइज पचास पैसे के आसपास होगा और इसका प्राइज निर 10-15 रुपे के आसपास होगा तो तब भी इस ट्रेट में अगर निफटी अठारा जार से उपर भी होती है लास्ट वीक में जब भी हमें इसमें निफटी यहां से गिर गई पांसो पॉंइंट अगर मानलो निफटी पांसो पॉंइंट गिर जाती है तो निर निर हमें 9500 रुपीज का प्रोफिट हो रहा होगा इस ट्रेटरजी में और एक चीज और देखो जैसे ओप्सा दिखाते है जब भी हमें 7-7.5 के आसपास प्रोफिट हो 3% का प्रोफिट दो अफ़ते के अंदर दोस्तो उसको काफी बढ़िया प्रोफिट मान के चलो अब ये देखो जिरो दा अमिशा दिखा अब ये देखो जिरो दा अमिशा दिखा ओप्सा अमिशा दिखाते है कि भी लास्ट डे अगर मार्केट वहाँ होगी तो क्या होगा अब एक इक्जांपल मार्केट के चलो मार्केट कितनी भी उपर चली जाए मैकसियम लोस हमारा 600 रुपे का अगले ही दिन निफ्टी 200-300 पॉंट गिर जाती है जब वो 1000 रुपे के आसपास का आपको लोस हो रहा होगा अब अगर ओप्स्ट्रा के चार्ट के इसाबस के देखोगे अगर निफ्टी 1000 पॉंट भी गिर जाती है जब भी 5-6 आजार का प्रोड़िया पर ओप्स्ट्रा कभी भी विक्स को कल्कुलेट नहीं करता अगर मानलोग कि किसी स्पीड से किसी लिजन के आजार के लिए स्पीड से मार्केट गिरेगी तो थोड़ा बहुत विक्स भी अब होगा इसलिए वो तो मैंने बिल्कुल मैक्सियम पर पर ओप्स्ट्रा कभी भी विक्स को कल्कुलेट नहीं करता अगर मानलोग कि किसी स्पीड से किसी लिजन के आजार के लिए स्पीड से मार्केट गिरेगी तो थोड़ा बहुत विक्स भी अब होगा इसलिए वो तो मैंने बिल्कुल मैक्सियम लोस बता है इसलिए वो तो मैंने बिल्कुल मैक्सियम लोस बता है उससे उपर लोस होई नहीं सकता अगर निफ्टी अगले दिन 400-500 पॉंट भी गिर जाती है जब भी आपको इस स्ट्रेट में गब्राने की कोई ज़रूत नहीं है आपको बता है एक रूल याद रखो तो प्लोस आपको 500-700 रुपेगा होईगा टारगेट आपको 5000-7000 रुपेगा अगले एक अफते में जब भी आजाए इस स्ट्रेट से एकजिट हो जाना मेरे फ्री वाला टेलिगराम है आजाए इस स्ट्रेट से एकजिट हो जाना मेरे फ्री वाला टेलिगराम है इसमें भी निर निर 30-40% मेरे लाइव ट्रेट होते हैं वो आप देख लेना जब भी मैंने ट्रेट लिया होता है आफते दस दिन बाद ही उसमें 2-3% इसमें आफते दिसंबर का ट्रेट दे दिया तो ओप्स चार्ट दिखाएगा कि बहुत दिसंबर मंत के ऐंड में क्या रहा होगा हमें दिसंबर मंत के ऐंड तक रुकना नहीं है हमें अफते दस दिन में तबना 2-3% लेके एकजिट कर जाना है हो सकता है आपको यह चार्ट बड़िया ना लग रहा हो पर इसको अगर आप लाइव ट्रेट नहीं भी लेना चाते तो आज के एसाबसे पॉंट मैच करके देख लो आज 3 नौमबर है दोस्तो आप इसको निर 15 नौमबर के आसपास देखना इसमें अराम से यह निर निर 2 परसंट तो बिल्कुल अराम से मिल रहे हो गे और दोस्तो अगर वीडियो अच्छी लग रहे हो तो प्लीज लाइक कर ना कोई कुशंद हो तो आप हमें के कुर्मेंट सेक्षिन में पूछ सकते है","""Pragter was also made for Telegram, friends, today we are going to talk about Nifty intraday strategy. It is similar to what I have been doing for the past 2-3 months. All the trades in this strategy are based on candlestick patterns. These trades are very simple and do not require much market analysis. It can easily give a profit of 3-4%. Now, let's see, like yesterday, I post a trade on Telegram, I will explain it in a bit more detail. The video will end in just 2-3 minutes, it won't be a long video. In this trade, there is a put option buy at 18,000, a put option sell at 500 points below, and 6 put options sell at 2000 points below. In this, your risk is Rs. 1000, which means I have clearly mentioned the maximum loss. So, there won't be any risk but you will have profit. Assume, there is a profit of Rs. 7-8,000, so it's a good trade, even if it's not for December, you don't have to hold it till December. First, understand that it's a very simple trade. You have bought a put option at 18,000 and sold a put option at 500 points below. Your maximum profit has been achieved. You have a maximum loss of Rs. 18,000 and you have a maximum profit of Rs. 7,000. Now, let me explain how I took this trade. I have taken this exactly at the bottom of the buy option. Right now, the price of Nifty is 18,000, when it is moving in November. So, I have taken next month's trade. Listen to one thing, whenever you feel like taking an upside trade, take a put option buy. When you feel that Nifty's trade is only downside, then take a put option buy. Now, assume that the price of Nifty is 18,000, so you have to buy the first put option at least 500-600 points below. And that will happen only when Nifty's trade is going down. So, you have to buy the put option only on this condition. It is a simple rule of two lines, remember it. Then, remember the expiry date when to take the trade. I have bought the put option at 17,500 and sold the put option at 17,500. Now, what will you do to reduce the loss of Rs. 7,000? You will buy a put option 2000 points below, which is rising as a range in between. Now, see, my maximum profit has become Rs. 25,000. And this range is between Rs. 15,500, we don't have to hold it till December. Now, see, if we exit the trade after 10 days, if the market is still in the same range, then we will have a profit of Rs. 5000. This is why, if after 10 days, if the market is still in the same range, then we will have a profit of Rs. 5000. Now, assume that Nifty has gone up by 500 points from here. If it goes up by 500-700 points, then when we have a profit of Rs. 1500, then the simple same logic is that both of these will have a faster price fall. Because its price will fall faster than theText: ""Look, Zero Da Ameesha is showing now. Look, Zero Da Ameesha is showing Oops Ameesha. Let's see if the market is there on the last day, what will happen? Now, for example, let's take the market. No matter how high the market goes, our maximum loss is 600 rupees the next day when Nifty falls 200-300 points. When it is around 1000 rupees, if you are facing a loss. Now, if you look at the chart of options, if Nifty falls even 1000 points, whenever the option of 5-6 lakh does not calculate the VIX. Imagine that if the market falls at a speed for the loss of any region, then there will be a little VIX now. That is why I never calculate the VIX at maximum. Imagine that if the market falls at a speed for the loss of any region, then there will be a little VIX now. That is why I never calculate the VIX at maximum. It is impossible to have a loss above it. If Nifty falls 400-500 points the next day, there is no need to panic in this strategy. I will tell you a rule, the plus will be 500-700 rupees and the target will be 5000-7000 rupees within the next week. Whenever you exit from this strategy, go to my free Telegram. Whenever you exit from this strategy, go to my free Telegram. In this, there are also 30-40% of my live trades. Take a look whenever I take a trade, with the target achieved in 2-3% within ten days. If I give a trade of December in this, then the Ops chart will show what will happen in December. We should not stop until the end of December. We have to exit with a profit of 2-3% in ten days. If you don't like this chart, even if you don't want to take live trades, then check today's points match. Today is November 3rd, so you can see around November 15th. In this, you will easily get a 2% to 2% gain. And if you like the video, please like it. If you have any questions, you can ask us in the comment section.""",<PIL.JpegImagePlugin.JpegImageFile image mode=RGB size=640x480 at 0x78DC6612A3E0>,https://www.youtube.com/watch?v=_0fwOm5K7Og,"The financial influencer presents a Nifty intraday strategy based on candlestick patterns, claiming it can yield a profit of 3-4%. The strategy involves buying a put option at 18,000, selling a put option 500 points below, and selling six put options 2000 points below. The maximum loss is stated as Rs. 1000, with a potential profit of Rs. 7-8,000. The influencer suggests buying a put option when anticipating an upside trade and when Nifty's trade is only downside. The strategy also involves buying a put option 2000 points below to reduce the loss of Rs. 7,000. The influencer claims that the maximum profit can reach Rs. 25,000 and that exiting the trade after 10 days can yield a profit of Rs. 5000 if the market remains in the same range.","The influencer's claim that there is no risk in this strategy is misleading. All trading strategies carry some level of risk, and the potential for loss is inherent in any trading activity. The claim that the maximum loss is Rs. 1000 is also questionable, as the actual loss can be much higher depending on market conditions. The influencer's assertion that the maximum profit can reach Rs. 25,000 is speculative and not guaranteed. The claim that exiting the trade after 10 days can yield a profit of Rs. 5000 if the market remains in the same range is also speculative and depends on market conditions, which are unpredictable.",Contradiction
YsHnsJE7CzY,100 % Risk Free Trading Strategy | Earn fix  50000 per month  | NiftyBees Explained in Hindi,Stock Market University,"#StockMarket #TechnicalAnalysis #Nifty #Finance

Official App : https://play.google.com/store/apps/details?id=co.amy.dvoqf

#Telegram Channel Name : Stock Market University Official 

$$$ Telegram Channel Link : https://t.me/stockmarketuniversityofficial

=  Courses By SMU   Whatsapp : 7041009937

To Open Account in Upstox : https://upstox.com/open-account/?f=MSTD

To Open Account in Angel Broking : https://tinyurl.com/yy47zabl

To Open Account in PayTM Money : https://paytmmoney.onelink.me/9L59/bf6d57

To Open Account in Espresso Share Khan : https://www.myespresso.com/Account/open?param=669



This Video Contains... 
Intraday, Investment, Option Trading, Option Selling, Nifty Prediction, Banknifty Prediction, Swing Trading, Ipo allotment, New ipo, Stock market, Option Buying setup, Option Selling Setup, Multibagger Stocks, Penny Stocks, Shorts, YouTube Short videos, Nifty, Banknifty, Ravi Hirani, Crypto, Crypto trading, Adani stocks, hedging, option selling setup, option buying setup, 
risk free investment,
risk free investment with high returns,
risk free investment in share market,
risk free investment in india,
risk free investments in us,
risk free investment india,
risk free crypto investment,
risk free investment options,
best risk free investment with high returns,
best risk free investment,
how to invest 5k and make money,
how to invest money with low risk,
how to invest in low risk stocks,
risk free high return investment in india,
risk free stock investment,
zero risk investment options,
us investment,
zero risk investment,
nifty bees trading strategy,
nifty bees investment strategy,
nifty bees kya hota hai,
nifty bees vs index fund,
nifty bees covered call strategy,
nifty bees dividend,
nifty bees intraday trading,
nifty bees vs mutual fund,
nifty bees swing trading strategy,
nifty bees and bankbees,
nifty bees analysis,
nifty bees annual return,
nifty bees average return,
nifty bees advantages and disadvantages,
nifty bees as collateral,
nifty bees as collateral zerodha,
about nifty bees in hindi,
etf and nifty bees,
how to buy and sell nifty bees,
nifty bees sip in groww app,
nifty bees sip in angel broking
swing trading strategy in hindi,
swing trading strategy indicator,
swing trading strategy for beginners,
swing trading strategy rsi,
swing trading best strategy,
bank nifty swing trading strategy,
best swing trading strategy for forex,
daily swing trading strategy,
swing day trading strategy,
easy swing trading strategy,
ema swing trading strategy,
swing trading entry strategy,
swing trading exit strategy,
55 ema swing trading strategy,
effective swing trading strategy,
most effective swing trading strategy,
swing trading strategy fibonacci
 regular income,
regular income from stock market,
regular income from options trading,
regular income from investment,
regular income from option selling,
regular income business ideas in india,
regular income option strategy,
regular income day trader telugu,
regular income strategy,
regular income from mutual fund,
regular income from nifty bees,
regular income business,
fixed income analyst,
fixed income app,
fixed income arbitrage strategy,
regular income from agriculture,
regular income by option selling,
regular income best part time job","हेलो दोस्तों आप सबी का सुआगत है स्टॉक मार्केट यूनिवर्सिटी के बहुत ही इंपॉरेंट वीडियो में आज मैं आपको बताऊंगा सेफिस्ट इन्वेस्मेंट यानि कि आप बहुत ही कंजरवेटिव इन्वेस्टर हैं आपको बहुत दर लगता है कि आपका लिया हुआ स्टॉक नीचे नहां गिर जाए या फिर आप स्टॉक मार्केट में आने से डरते हो आपको ईक फिक्स इंकम स्टॉक मार्केट में अपलास करनी है लेकिन आप डरते हो कि मैरी पैसा मैं डाल रहा हूँ आपको दूप तो नहीं जाएगा और दूप गया तो क्या होगा कि स्टॉक मार्केट रिस्की है लेकिन अगर मैं आपको एसी चीज़ बताओं जो 110% सेफेस्ट है जो जब से इंसेप्शन हुआ जब से स्टार्ट हुए तब से अभी तक उसने कभी भी आपका पैसा डूबोया नहीं है अगर मैं उसकी बात करो तो वो है निफ्टी बीज निफ्टी बीज हम नौर्मली क्या जानते है कि निफ्टी 50 क्या है एक इंडेक्स है और उसको हम खरीद नहीं पाते उसको ट्रेट करने के दो ही तरह के निफ्टी बीज क्या है मैं आपको भी पूरी जानकार देता हूँ बहुत ही मज़ेदार है आपके होश उड़ा देगी बहुत ही बढ़िया है जो भी इन्वैस्टर है बहुत ही बढ़िया जानकारी है निफ्टी बीज एक तरह का ETF है आपने सुना होगा म्यूचल फंड म्यूचल फंड का क्या होता है आपको जाना पड़ता है किसी ब्रोकर के पास या फिर उनलाइन आप म्यूचल फंड खरीद पाते हो लेकिन ये ETF है उसका पूरा फुफम होता है Exchange Traded Fund यानिक ये एक तरह का म्यूचल फंड है लेकिन आप उसको ट्रेड कर पाते हो Exchange में जैसे हम NSE और BSE में क्या खरीदते हैं स्टॉक खरीदते हैं चाहे वो Reliance हो चाहे वो TCS हो चाहे वो Infosys हो जैसे हम स्टॉक खरीदते हैं वैसे मन चाहे दाम पर हम Nifty Bees यानिकि Nifty को खरीद सकते हैं और ये किसको replicate करता है ये replicate करता है Nifty 50 को यानिकि मान लिजे मैंने एक Nifty बे ले लिया मतलब मैंने Nifty के 50 के 50 स्टॉक में अपनी हिस्से दारी दर्ज कर दी यानिकि यहाँ पर आप लोग Investment में एक और चीज़ सुनते होंगे आप सबने सुना गए डाइवर्सिफिकेशन करना चुई डाइवर्सिफिकेशन यह हो अब ये Nifty 50 आप देखेंगे वो कितना डाइवर्सिफाइड है उसमें FMCG आ गया Banks आ गया बड़े बड़े स्टॉक के वाग आ गया रिफाइनरी आ गया अब एवरिथिंग जो भी आप सेक्टर बोलोगे एनरजी सेक्टर आ गया पेट्रोलियम आ गया एवरिथिंग जो सेक्टर आ बोलोगे वो सारे सेक्टर Nifty 50 में इंक्लूडेड है और अगर आप Nifty 20 लेंगे मतलब वो सारे सेक्टर का इंवेस्मेट आपके अंदर भी हो गया एनरजी उन सब में आप भी इंवेस्मेट कर रहे हो यह हो गया तो आपका डाइवर्सिविकेशन का इश्यो गया सबसे जदा सेफ्टी वाला है क्योंकि यह Nifty 50 टॉप 50 स्टॉक को रिपलेट करता है अब भी आपने सुना गो कि एक टाइम पे यस बेंगी Nifty 50 का हिस्सा था Reliance के जो स्टॉक गिर गया है अभी वो भी कुछ ना कुछ स्टॉक Nifty 50 के हिस्से थे तो Nifty 50 में क्या होता है कि वो होता है एक based on market cap यह नहीं कि जैसे market cap एक का गिरेगा और दूसरे का बड़ेगा तो यह replacement करेगा कि यह मान लेज़े भारती याटल है उसका market cap 1.1 billion dollar चल रहा है और एक stock है जिसका market cap 1.5 billion dollar था लेकिन वहाँ से गिर के आप पहुंच गया 1.29 billion dollar तो यह Nifty 50 में से हट जाएगा और उसके जगा जाएगा भारती याटल अब जब हम active investment करते हैं कि मान लेजे Nifty 50 के सारे stock ले लिए तो हमको यह सब दियान रखना पड़ता है कि कौन सान निकला तो उसमें loss book करे फिर इसमें जाए लेकिन जब Nifty भी लेते है उसमें कुछ नहीं करना पड़ता है आपका सब अपने आप हो जाता है हमको कुछ नहीं करना है जो भी बुरे stock है वो कच्रा निकलता जाएगा और अच्छे अच्छे stock अंदर आते जाएगे यानि कि ये कभी भी zero नहीं होगा अगर हम कोई भी stock लेते हैं तो उसमें chance होता है कि zero हो जाएगा बहुत बड़िया stock था इस time पे Reliance Power बहुत बढ़िया था Reliance Communication बहुत बढ़िया था लेकिन उस सब का क्या हुआ ultimately वो सब डूप गए तो शायद आपके भी portfolio में एक ही तो stock ऐसे आजाए तो आपके पूरे portfolio का मजा खराब कर सकते हैं लेकिन जो उसमें कोई भी वरी इस तरह के नहीं होती उसमें कोई भी वरी नहीं होती आप आराम से जब जी चाहे तब आप 1000 रूपी डाले 10,000 डाले आपको 110% risk free है यही तो एक investor क्या चाहता है कि उसको risk free return मिले यह एक तरह से आप FD समझ लिजी अगर आप कुछ साल रखेंगे guaranteed return आपको मिलेंगे ही मिलेंगे उसमें कोई दो राई नहीं है मैं आपको दिखाता हूँ अभी चार्ट एक मेरे सामने निफ्टी 20 का चार्ट खुला मैं आपको दिखाता हूँ monthly chart यह दिखी यह है उसका monthly chart यह है उसका monthly chart एक candle करती है month को यह मेरे ख्याल से 2000-2002 से चार्ट हुआ यहाँ पर चार्ट दिखा रहा है 2002 से तो हम उसको रिपर्जेंट करते हैं तब से आप देखे कभी वह 10 रुपट से नीचे भी नहीं गया तकरीबा जब भी नीचे fall आता है वह उपर ही जाता रहा था अभी उसका price चल रहा है 198 मतलब वह अगर आपने कभी भी बीच में लिया होता है प्रॉफिट में ही होते जब corona का fall आया था उसका price तकरीबा हो गया था 80-82 और वहाँ से सीधा ही डबल हो गया है न सर देखिए तो आप इसमें investment करते रहेंगे तो आपको return guaranteed मिलते रहेंगे अब आप बोलेंगे कि invest कभ करना है अब मैं उसकी strategy भी आपको देता हूँ कि कभ करना है जब भी nifty 50 क्योंकि निफ्टी 50 को represent करते थे तो आपको देखना है चार्ट कौन सा निफ्टी 50 जब भी 5% गिर जाए एक दिन में नहीं शायद एक हफ्ते में उपर से जब भी आपको यहां पे अपना installment डालना है आपको simply क्या करना है कि मानलेजे मेरा view है कि मैं monthly की SIP करूँगा 10,000 रुपीज ठेक है सर आपको यह करना है आपको अपने अकाउंट आपको निफ्टी बी ट्रेट करने के लिए क्या चुईए एक simple Demat अकाउंट चुईए जिसना आप ट्रेट कर रहे हैं तो आपको अपने Demat अकाउंट में पैसा डाल देना है लेकिन निफ्टी बी नहीं लेना है निफ्टी बी नहीं लेना है मैंने की बान रही है 10 मेने हो गया आपको 10 मेने में निफ्टी बी नहीं ले लेकिन पैसा डाल दिया एक लाकर पर आपका हो गया अब जब भी निफ्टी 50 उपर से 5% गिरेगा अपने अकांट में जितना डिमेंट अकांट में पैसा डाला है जो इस्टार्मेट का था उसका 60% क्या करेंगे यह जो निफ्टी बी है वो ले लेंगे कौन सी प्रैस पर जब निफ्टी 50 5% गिरेगा एक मंत के अंदर वो हो गया वो 40% कब लेंगे जब निफ्टी 50 20 EMA पर आएगा 20 EMA मंतली के अंदर जब भी आपको निफ्टी 50 दिखे आपको सिम्प्ली माकी का पैसा वहाँ पर लगा देना है नॉर्मली निफ्टी में मिलता है 15% रिटन या फिर 12% मान लिजी लेकिन आप यह स्ट्रेटेजी को फॉलो करेंगे आपको तक्रिबन 20-25% भी मिल सकता है सिम्पला को क्या करता है जब 5% गिर रहा है तब भी इंसौलमन्ड डालना है बाकिका 40% जब निफ्टी 50 20 EMA पर आया है तब डालना है आप देखिये चार्ट यहाँ पर मैं आपको निफ्टी 50 लेके चलता हूँ थो भरना आप चाहे तो मन्थली में भी कर सकते हैं एवरी मन्ध बाय कीजिये लेकिन मैं आपको स्ट्रेटेजी सिखा रहा हूँ क्या आपको और रिटन कैसे अच्छे मिले पड़ा पिटा टाम देखेंगे पंधरा बीच साल देखेंगे तो वन पसंद का डिफरस बहुत पड़ा डिफरस होता है निफ्टी 50 मैं आपको दिखाता हूँ अभी आपको डिफिका की कितने टाम में निफ्टी 50 मन्थली पर आता ही आता है 20 EMA पर जब भी निफ्टी आप दिखे तब डालेंगे आपका रिटेन आप देखेंगे कितना बड़ा हो जाएगा अगर आपको कुछ आता ही नहीं है मार्केट में आप सिम्पली निफ्टी बाई करते रहे हैं एवरी मन्थ कब करना है वो भी सुन लीजे आपको क्या करना है निफ्टी 50 को लास्ट थरस्डे पर पड़ा है और कुछ नहीं है यह पुरा का पुरा बैंचमार्क इंडेक्स पर इसलिए निफ्टी 50 को लास्ट थरस्डे पर पड़ा है इसलिए नहीं है समय पर पड़ा है कुछ वरही ही नहीं है कच्चरा निकलता जाएगा आपका इन्वैस्मेंट बहुत ज़्यादा सेफ रहेगा सिफ यह नहीं है अपने पड़ा बजे के बादे पूरा रिकवर हो गया और पाँच पड़ा बड़ा गया यह निचे गिरावा था वो क्लोज हुआ 1% प्लस के उपर आपने सुबह डाल दिया था पैसा आपने 4% माइनस देखके लेकिन बाद में पूरा रिकवर हो गया कि बीचन तदे लो पीचन था पैसा बंग्ड़ बें करüssel वाली प्राज आपके आपके इंदर आएगी यह निचे बंग्ड़ प्राज आपके इंदर नहीं आएगी गया प्राज यह नहीं आएगी उससे यह निका वाले है यह से सेफस्ट इंवेस्तिमाट है अगर आप दिलिवरी लेंगे था कुछ नहीं आता ये सबसे सेफस्ट इन्वेस्तिमाट है इसमें आप कुछ टारिम के बाद मानलेंजी आपको एक ही मिस्स को बुलता है जो खोड़ा बात मीं मारेकेट को समोचती है अगर आपको लॉट साइज देखेंगे तो 50 उसका लॉट साइज है फ्यूचर का या फिर उप्शन का अभी निफ्टी बीज वो 100th पार्थ है क्या है निफ्टी बी क्या है 100th पार्थ है of निफ्टी यानि कि अगर मुझे निफ्टी फ्यूचर पूरा क्या है आपने साल के बाद कि कितने single percentage आपको कहा जें कहा पोचा देता है नहां सर तो वहाँ ही万ार है ये सबसे safest investment है उसमें कुछ आपको वरी करना है ही नहीं अभी भी कुछ price कर चल रहा है जब भी आपको निचे के खुश होने आपके Nifty Beast कर रिखे ना है बिल्कुल वीडियो को लाइक की ज़ये जो लोग भी invest कर रहे है Nifty Beast में और उनको शाटेजी पसंद आई तो वो भी commercial में मुझे जरूर बताए उनके पास भी कुछ शाटेजी है जिसके इसापसे वो invest करते है तो वो भी मुझे commercial में जरूर बताए आपको वीडियो को लाइक की ज़ये जो लोग भी invest कर रहे है Nifty Beast में और उनको शाटेजी पसंद आई तो वो भी commercial में जरूर बताए उनके पास भी कुछ शाटेजी है जिसके इसापसे वो invest करते है तो वो भी मुझे commercial में जरूर बताए Thank you","""Hello friends, welcome to the Stock Market University's very important video. Today, I will tell you about Safeest Investment, which means that you are a very conservative investor. You are afraid that the stock you have purchased will not fall or that you are afraid to enter the stock market. You want fixed income in the stock market, but you are afraid that if I invest my money, it might be lost. What will happen if it is lost? The stock market is risky, but if I tell you about something that is 110% safest, which has never caused anyone to lose money since its inception, it is Nifty Bees. Normally, we know what Nifty 50 is - it is an index and we cannot buy it. There are only two ways to trade Nifty Bees. I will explain everything to you in detail, it is very interesting and will astound you. It is very useful information for all investors. Nifty Bees is a type of exchange traded fund (ETF). You must have heard of mutual funds, which you can buy from a broker or online. But this is an ETF, it means it is a type of mutual fund, but you can trade it on the exchange, just like we buy stocks in NSE and BSE, whether it is Reliance, TCS, or Infosys. Similarly, we can buy Nifty Bees at any price we want. And it replicates Nifty 50, which means suppose I bought one Nifty Bees, it means I have a share in all 50 stocks of Nifty. This way, you can also invest in all the sectors - energy, petroleum, everything. Once you have done this, your diversification is complete. Its safety level is the highest because it replicates the top 50 stocks of Nifty. You must have heard that sometimes a stock will leave Nifty 50, for example, Reliance's stock fell. Even then, some stocks were part of Nifty 50, so what happens in Nifty 50 is based on market cap, not like if the market cap of one falls and the other's increases, then it will replace the falling one. Let's take Bharati Infratel as an example, its market cap is 1.1 billion dollars and there is another stock with a market cap of 1.5 billion dollars, which fell and reached 1.29 billion dollars. So, it will leave Nifty 50 and Bharati Infratel will take its place. When we actively invest, we have to keep in mind which stock is performing poorly, book losses on them, and enter good stocks. But when we take Nifty Bees, we do not have to do anything, it happens automatically. Bad stocks will leave and good stocks will enter, which means it will never go to zero. If we buy any stock, there is a chance that it might go to zero. Reliance Power and Reliance Communication were very good stocks at one time, but ultimately they went bankrupt. If one such stock enters your portfolio, it can spoil your entire portfolio. However, no such risk exists with Nifty Bees.""Text: ""You do not have to worry at all. You can easily invest whenever you want, whether it's 1000 rupees or 10,000 rupees, it is 110% risk-free for you. This is exactly what an investor wants - a risk-free return. It is similar to investing in a fixed deposit. If you keep it for a few years, you are guaranteed to receive returns without any doubt. Let me show you an example. Here is a chart in front of me, the Nifty 20 chart. This is the monthly chart and it shows the movement from 2000 to 2002. As you can see, it never went below 10 rupees during this period. Whenever it fell, it always bounced back up. Currently, the price is at 198. If you invest in it, you will consistently receive guaranteed returns. Now you might ask, when should you invest? I will also give you a strategy for that. Whenever the Nifty 50, which represents the market, falls by 5%, not in a day but maybe in a week, that's when you should place your installment. Simply follow my view and do a monthly SIP of 10,000 rupees. You need a simple demat account to trade in Nifty. Deposit money into your demat account, but do not take Nifty B. I have already taken care of that. I have deposited the money for you. Now, whenever the Nifty 50 falls by 5%, the amount you have deposited in your account, which was 60% of the estimated installment, is used to buy Nifty B at a particular price. When the Nifty 50 reaches the 20 EMA line, you use the remaining 40% to buy more. Look at the chart. I am currently showing you the Nifty 50. You can fill the gaps if you want, even on a monthly basis. But I am teaching you a strategy for better returns. Normally, you would get a 15% return or maybe 12% in the Nifty. But if you follow this strategy, you can possibly get around 20-25% returns. What Simple does is that when it falls by 5%, you need to buy installment, and when the Nifty 50 reaches the 20 EMA line, you need to buy more. You can see how much your returns increase. If you don't understand anything, just keep buying Nifty. Let me tell you when to do it every month. You should buy Nifty 50 on the last Thursday of the month and that's it. You don't need to worry about timing. Some rubbish will come out but your investment will be very safe. It will not go below your buying price after the market closes. It has already recovered completely and even increased by 5% after getting down by 4%. The buying price was 10 and it went up to 15, so there is a significant difference. I am showing you the Nifty 50 and you can see how many times it comes on a monthly basis and when it reaches the 20 EMA line, you can invest. You will see how big your returns will be.If you take delivery, nothing will come. This is the safest investment, in which you will manage after a few terms. It is a call that controls the market, digging up the required information. If you look at the lot size, it is 50 for futures or options. The Nifty Seed is the 100th part of what Nifty is. Nifty B is what is 100th part of Nifty, meaning if I fully understand Nifty Futures, how much single percentage have you told me after a year? Sir says that it is all safe there. You don't need to do anything. Some price is still going on. Whenever you are happy with the lower level, keep your Nifty Beast with you. If you invest in Nifty Beast and like the strategies, please let me know. They also have some strategies that they invest in, so please let me know in the commercial. Like the video if you are investing in Nifty Beast and like the strategies. They also have some strategies that they invest in, so please let me know in the commercial.",<PIL.JpegImagePlugin.JpegImageFile image mode=RGB size=640x480 at 0x78DC66128B50>,https://www.youtube.com/watch?v=YsHnsJE7CzY,"The financial influencer claims that Nifty Bees is the safest investment option for conservative investors who are afraid of entering the stock market. Nifty Bees is an exchange-traded fund (ETF) that replicates the Nifty 50 index, allowing investors to have a share in all 50 stocks of Nifty. This ensures diversification and reduces risk as it is based on market cap and not individual stock performance. The influencer also suggests a strategy for investing in Nifty Bees: when the Nifty 50 falls by 5%, investors should place their installment and when the Nifty 50 reaches the 20 EMA line, they should buy more. This strategy, according to the influencer, can yield around 20-25% returns.","The claim that Nifty Bees is 110% risk-free is false. While Nifty Bees is a relatively safe investment option due to its diversification, no investment is completely risk-free. The performance of Nifty Bees is tied to the performance of the Nifty 50 index, which can fluctuate based on market conditions. The claim that investing in Nifty Bees is similar to investing in a fixed deposit is also misleading. Fixed deposits offer a guaranteed return, while the returns from Nifty Bees can vary based on the performance of the Nifty 50 index.",Contradiction
goSvZXKcLAI,Secret Swing Trading Strategy | 100% Risk free Swing Trading Strategy | Niftybees Swing Trading,Stock Market University,"#StockMarket #TechnicalAnalysis #Nifty #Finance

Official App : https://play.google.com/store/apps/details?id=co.amy.dvoqf

#Telegram Channel Name : Stock Market University Official 

$$$ Telegram Channel Link : https://t.me/stockmarketuniversityofficial


=  Courses By SMU   Whatsapp : 7041009937

Video Contains Following Chapters 

0:00 - Introduction
0:45 - Swing Trading Facts
2:30 - Indicators
3:15 - Price Indicator
4:48 - Logic Behind Indicator
5:50 - Momentum Indicator
7:15 - Setup
11:35 - Backtesting

To Open Account in Upstox : https://upstox.com/open-account/?f=MSTD

To Open Account in Fyers : https://open-account.fyers.in/?utm-source=AP-Leads&utm-medium=AP1805


To Open Account in Angel Broking : https://tinyurl.com/yy47zabl

To Open Account in PayTM Money : https://paytmmoney.onelink.me/9L59/bf6d57

To Open Account in Espresso Share Khan : https://www.myespresso.com/Account/open?param=669



This Video Contains... 
Intraday, Investment, Option Trading, Option Selling, Nifty Prediction, Banknifty Prediction, Swing Trading, Ipo allotment, New ipo, Stock market, Option Buying setup, Option Selling Setup, Multibagger Stocks, Penny Stocks, Shorts, YouTube Short videos, Nifty, Banknifty, Ravi Hirani, Crypto, Crypto trading, Adani stocks, hedging, option selling setup, option buying setup, 

swing trading strategy in hindi,
swing trading strategy indicator,
swing trading strategy for beginners,
swing trading strategy rsi,
swing trading best strategy,
bank nifty swing trading strategy,
best swing trading strategy for forex,
daily swing trading strategy,
swing day trading strategy,
easy swing trading strategy,
ema swing trading strategy,
swing trading entry strategy,
swing trading exit strategy,
55 ema swing trading strategy,
effective swing trading strategy,
most effective swing trading strategy,
swing trading strategy fibonacci","हेल्लो दोस्तों आप सबी का स्वागत है स्टॉक मार्केट उनिवर्सिटे के येट अनर्थ बहुती बढ़िया लर्निंग वीडियो और बहुती बढ़िया मैं आपको सेटप देने वाला हूँ जिससे आप चकाचौद हो जाएंगे जिसकी एक्विरेसी एबो 90 परसंट है आप खुद टेस करके दिखेगा मैं आपको खुद बैक टेस करके दिखाओंगा और जिसमें रिस्क रिवार्ड वन जेम टू टेन मिनिमम मिलता है याद रखेगा मिनिमम इसमें ऐसा भी हो सकता है कि आपके एंटर के बाद विधिन 2-3 मन्त स्टॉक वहाँ से डबल भी हो जाएं और ये सेटप आप इंडेक्स, एटी एफ, स्टॉक्स, पेने स्टॉक्स किसी भी जगा पर एपलाइ कर सकता है क्योंकि इसके पीछे का लॉजिक ये ऐसा है मैं आपको पूरा चीज़ समझाओंगा बहुत ही बड़िया सेटप है आपको पूरा मजाएंगा आखे तक देखगा प्रॉपर लर्णिंग मिलेंगी ठीक है सर? तो पहली बात यह सेटप है मारा स्विंग ट्रेडिंग का तो एक दो चीज़ा आपको स्विंग की बता से क्या होता है स्विंग का मतलब समझा जाना है कि स्टॉक जीज़ कता है जीज़ जेग हमको अगर बाय सेट बहुत लिए वो हमको केट्श करना है, अगर हमको सेल साइड करना है तो नीचे के करना है, यहाँ पे हम पिक उपर के करेंगे यानि कि यह जो जिक जाग हो रहा है जब उपर मार्केट जा रहा हमको तब भी इसमें एंट्री लेनी है, और दूसरी चीज याद रखेगा पूरा मार्केट हमेशा एक साथ नहीं चलता, मार्केट में तकरीबन 550 स्टॉक है, सारे स्टॉक एक दिन में बुलिश नहीं होंगे, एक दिन में विरिश नहीं होंगे, यानि कि किसी भी दिन अग गिल ही जाएगा आपको, यह हो गया, अब याप आप जिक जक में एक चीस देखिए कि यहाँ होता क्या है, मार्केट उपर गई, फिर नीचे आती है, फिर उपर जाती है, फिर नीचे आती है, फिर उपर जाती है, देखने में बड़ी अलगता है, लेकिन अगर आप एक्शुली मार्केट को ट्रैक करेंगे, आपको कुछ इस तरह का दिखेगा, तो आप बोलेंगे समझ नहीं आरा बाई करना कहाँ पर है, अगर आप प्राइज़ेक्शन देखेंगे तो कई बार यहाँ पर बाई बता देगा, यहाँ बाई बता देगा, तो करेंगे क्या, हमको बिल्कुल एंट्रीज चाहिए यहाँ पर, बिल्कुल मौके पर, इसस मैं उसको यहाँ पर एप्लाय नहीं करना बाला, मैं एप्लाय करना बाला हूं, कि मुझे, प्राइज़ का हैं बता दे, दूसeden मैंू श्करने बाला हूं, क्यू, मूमैंटिमी बिकी मार्केट यह, एक उपर ंचह, आरा तो उपर का तो यह मुमैंटिम ही पकड़ेगा, बीच में जो मुमैंटिम था है नहीं, तो यहाँ पर मुझे पता चलेगा कहीं न कहें, कि मार्केट मुमैंटिम पकड़ रहा है, तो मुझे एक इंडिकेटर जीए, जो मुझे इंडिकेटर से न कर दे, कि अब यह श्टॉक या फिर मार्केट मुमैंटिम के अंदर जाने वाला है, पहला यह हो गया, दूसरा मुझे चीज़ें प्राइस का इंडिकेटर की, हाँ इसने प्राइस का काम बुरा कतम कर दिया है, और अब प्राइस इससे उपर गई, मतलब है अब यह काम शिरूब कर रही है अपना, दो चीज़ हो गई, हम यहाँ पर यूज़ क्या करेंगे, for price indication, हम यहाँ पर यूज़ करेंगे moving average, अब आप बोलेंगे कि moving average तक indicator हो गया, जो legging, leading, जो भी आप कहना चाहें, लेकिन मैं इसको कभी भी indicator नहीं मनता, मैं itself इसको price ही मानता हूँ, क्योंकि वो है क्या, average है, कि इसकी ultimately price की, वो उससे derived नहीं हुई है, वो जो price का behavior चला है, इतने दिन, वो उसका average दिखा रही है, और जिन्दगी में, कहीं भी देखें, आप average बहुत काम की होती है, आप life में, जिन्दगी, दिन के अंदर, कितने बार average वर का use करते हैं, गाड़ी कितने average आती है, expand, मतलब, कितने लोग पढ़े लिखें, कितने average है, लेकिन ये overall average है, इसलिए average हमेशा काम की चीज़ होती है, market हमेशा अपनी average को respect करता है, क्योंकि वो backup से आई है, market खुद को तो respect करेगा ही, मैं दूसरे indicator यहां पर use नहीं करता हूँ, हमेशा price को ही भाव देता हूँ, कि भाव बगवान से, तो यहाँ पर हम use करेंगे 55 MA, इसका हम offset रखेंगे, input या नहीं कि closing basis, अब आप पूछेंगे 55 MA का significance क्या है, आप normally देखेंगे, मैं आपको, वैसे तो बहुत सारी, इसके अंदर single logic आपको देता हूँ, कि एक month के अंदर कितने trading days होता है, approximately 20 to 21, तीन मैने में हो गया है, 60 approximately, अब तीन मैने में चुटी आब आएंगी market की, तो approximately इसको गिनेंगे, तो 55 जितना हो जाता है, यानि कि तीन month की average, 55 MA का, MA का मतलब है, यहां बे EA में नहीं है, MLA आगया है, इसका मतलब है कि market तीन month की average, यानि कि quarterly, market हो या फिर इस stock हो, quarterly average है इस तरह से, तीन month की average की market, तीन month काम किया है, तीन month से market नीचे के वर काम कर रहे है, अचानक से वो average तोरके price उपर जा रहा है, कुछ ना कुछ तो हुआ है, क्योंकि तीन month की average है, तीन month यानि कि एक quarter के सभी की result आ गया है, इंडेक्स हो चाहिए stock हो, बात तो सही है, कुछ ना कुछ तो गडबर है दया, तभी तो price थोड़ रहा है, तो पहला इसको apply कैसे करना हो देखेंगे, लेकिन आपको समझा रहा हूँ कि 55k पीछे का logic क्या है, ये आपने समझ लिये, पहला point, दूसरा point है momentum indicator, कि आपको प्राइस पता चल जाएगा, लेकिन प्राइस कभी एक बार trap भी कर लेता है, तो आपको पता कैसे चलेगा, कि जब हम stock को touch करें, वो सोना बन जाना चाहिए, जैसे हमने touch किया, वो भाग जाना चाहिए, उड़ जा, भाग जा, वो कैसे होगा, जब हमको momentum मिलेगा, momentum के लिए सबसे बड़ी indicator है, RSI, नाम ही इसका है, relative strength index, ये दिखाता है अपनी stock की ही past history से लेकिन आज तक कि क्या momentum, कि वो कितनी strength है, अगर वो नीचे भी आया, तो कितनी strength से आया है, उपर भी जा रहा है, तो कितनी strength से जा रहा है, RSI को लेकर मैंने प्रॉपर एक वीडियो बना के रखा है, जिसमें basics of RSI समझा जा रहा है, RSI होता क्या हो नहीं, RSI के पिछे के calculation क्या use हुई है, एसा वीडियो बनाया है सर वो, कि आप उसको देखेंगे, तो आपको दूसरी बार RSI देखने के ज़रूरत नहीं पड़ेंगे, आप price देखेंगे बोलते हैं कि RSI क्या होगा इसका, उतना भैतरीन तरीके से उसको नहीं जाया है, आप सर एक बार वो देखे लेजेगा, आई button में मैं डाल दूंगा, RSI हो गया, अभी RSI आप देखेंगे, कभी कभी लगायेंगे, तो आपको मिलेगा 70-30 का RSI, यह depth foot होता है, और इसने input होता है 14 का, हम इसको change नहीं करेंगे, हम कुछ-कुछ नहीं करना है, आप समझेंगे, थेयरी समझेंगे, तब आप apply कर बाएंगे, अभी मान लेजे, कि यह एक stock move कर, यह हमारा है, 55 म, और यह stock का price है, ठीक है, यह क्या है, stock का price है, यह दो दिखा रहा है, नीचे हमने क्या लगाया हुआ, नीचे हमने लगाया हुआ, आरेसाइच, जिसकी setting कहां पहे, 60 पह, अभी आपको note कहां करना है, कि जबी भी कोई भी stock, या कोई भी index, कुछ भी हो, जब वो पने 55 के नीचे आ जाए, या पि नीचे काम कर रहे हैं, वो stock, वो index, आपकी watch list में होना चाहिए, आप चाहे तो every sunday, इसको बना सकते हैं, कि जो भी stock, 55 में के नीचे ऐसे काम कर रहे हैं, जैसे वो नीचे आया, आपकी आगे खुल जाने चाहिए, कि अब भी ये मेरी list में आ जाए, कि अगर नीचे आया है, कि आगे खुल जाने चाहिए, कि आगे खुल जाने चाहिए, कि आगे खुल जाने चाहिए, कि आगे खुल जाने चाहिए,  आगे खुल जाने चाहिए, आगे खुल जाने चाहिए, आगे खुल जाने चाहिए, आगे खुल जाने चाहिए, ागे खुल जाने चाहिए, आगे खुल जाने चाहिए, आगे खुल जाने चाहिए, गोलो रूम पड़ पता है,, गोलो रूम पड़ पता है,, साकप रूम पड़ पता है,, च्रहailand, साकप रूम पड़ पता है,, ये point one हो गया, दूसरा, कि वो stocks चल गया 100% , डबल हो गया, कई stocks डबल हो गया, डबल हो गया, डबल triple भी हो गै, डबल हो गया 100% चल गया, आप कोशेंगे खुद को 25% पर निकाल दिया, एक मैना रका रहा था डबल हो जाता. दोनों तरीके से मुझे गाली पड़ेगी, और actually मार्केट में target नामक चीज होती ही नहीं है, जो आपको बताएगा वो गदा है, क्योंकि चलती हुआ मार्केट का कोई resistance ही नहीं होता, हमको कहा पता है, पूरा आसमार उपर है, नीचे का SL हो सकता है, इसके निचे जाने के लिमिटेड साइट है, अजार प्राकाश टॉक zero होगा, माइनस अजार नहीं होगा, तो उसके लिए है limit, उपर की कोई limit नहीं है, अजार प्राकाश टॉक लाग भी हो सकता, हो सकता है, हमारे कई दिन अजार का था भी लाग का, आप मुझे खुद बताये, कभी भी, सिंदगी में, target में कभी भी किसी चीज़ को बांधना नहीं चुईए, याद रखी का इस चीज़, चितना बहने देंगे, trail कीज़े, trailing is the real key to success, trail कीज़े, target नहीं लगाना है, target लगाएंगे, मर जाएंगे, या तो रिचा कटेगा, या तो बहुत ख़रा बालत होगी, और देखते हैं, मारुजी देखते हैं, मजा आ रहा है के नहीं सर, अगर मजा आ रहा है, लोगो को शेयर कीज़े, लाइक ठोक देजीए, कमेंट करके मुझे बताये, आपके लिए वीडियो लाएंगे, और अगर वो इससे भी बड़िया कोई सेटप चे, तो हमारे पास बहतरी सेटप है, जिसका नाम है, स्विंग के सुल्तान, जो इसका भी बाप है, इसका मतलब, इसका भी तो पाँच गंगा बाप है, अगर आपको चाहिए, तो 7041009937 पर वाटसब कीजिए, एक बार लेके देखे, फिर मजाएगा आपको, बहुत बढ़या चीज़ है वो भी, यह देखे, यहाँ पर भी एंट्री मिली, मारोति में देखिये, यह कैंडल पर एंट्री मिली, दो कैंडल का रूल है हमारा, दो कैंडल चल सकता, एंट्री मिली आपको, एंट्री मिली आपको 9750 पर, अभी स्टॉक चल रहा है 10525, चल रहा है उपर, यहाँ पर भी देखे, यह भी एंट्री मिली थी, 8750 पर, भाईसाब गैच दिया 10,000 पर, यहाँ पर आपका एसल कर गया, कहाँ पर गया 950, फिर भी आपने पैसे बना एंट्री मिली, वापस एंट्री मिली, वापस ले लिए, क्या हर्जा है, इससे आप चाहे, तो जिन्दगी में सिब 10 स्टॉक पकर लिए, जिसमें आप यह काम करेंगे, 10 स्टॉक सरपर पैसे बनेगा अन्गिनत, 10 स्टॉक पकर लिए कोई भी, जिसमें आप यह एपलाइ करेंगे, कोई ना कोई स्टॉक, आपका एंट्री दे रहेंगा, रहता रहेंगा, यह इतना पावर सेटफ है, आपको लग रहा है, बहुत सिंपल है, सबने फ्री दिया, सर यह आपकी जिन्दगी बदल सकता है, मेरे सारे सेटफ ऐसे हैं, आप देख लिए एक बार जाके, कोर्स छोड़िये, फ्री में इतने दिये हैं यूटूब पे, यह 60 प्लस आरे साइब, यह touch up ले गया, बाई कर लिए जेका इसको, देखेंगा, चला आपको सामने के ट्रेट दे रहा हूं, पकड़ ये इसको, डी वीज लैब, देखें, एंट्री मिली अभी, यहाँ एंट्री मिली थी, 32 पे, बाई साइब, पहुंच गया, उनचाली सो, M&M, देखें, 1200 का स्टॉक, अब देखें, अब दो चीज होगी बस, यह 1600 है, 1200 का सो, 1600 मतलब, आपका पहुंच गया, 33 पसंद आपको मिले गया, दूसरी बात, आपको देखें, दो मिले, इस तरह करना है, एडिशन या फिरी एंड्री, without touching, उपर नहीं जाएगा, साब, HDFC life, यह देखें, UPL, क्लोस कर दिया है, बाई साइब, इसको भी कर ले जाएगा, देखें, यह भी क्लोस किया है, इसमें भी बाई कर सकते हैं, 60 plus RSI, इसको पकड़िये, देखें, कहा जाता है, पकड़िये एक बार, इसको भी बाई करके देखें, यह भी देखें आपको, इसलिए लगाया है, आपको दो एंड्री देने के लिए, देखें, तभी आपको मजाएगा न, सिक्के, यह देखें, यहाँ पे आपको क्लोजिंग मिला, 60 plus RSI, यह है, 1127, चार दिन के अंदर कोल गया, 1227, 8% up side, यहाँ पे भी देखें, मिला था एंड्री, यह देखें, यह कंडल पे, 700, सिधा पहुँच गया यह, 1200, ऐसा मिलता है, यह आपको कोई पेट कोर्स वाला भी नहीं सिखाएगा, यह देखें, यहाँ पे देखें, यह उपर कर गया, लेकिन इसकी 60 RSI नहीं आई, देखें सामने, यह क्लोज किया, लेकिन RSI नहीं आई, इसमें RSI आगई, 3800 का स्टॉक, बाईसाब अभी चल रहा है, 47, आपके सामने है, यह मिल गया, आपकी entry, re-entry points, सामने है, देखें, है के नहीं कुछ Powerful, Apply किज़े, पैसा बनाये सर, है ना सर, इसको यहाँ पे क्लोज करते है, कैसा लगा मुझे बताये, लोगों को Share किज़े, इमान दारी से, Share करेंगे आपका बला होगा, कॉमेंट करके बताये, कि आपको useful है की नहीं था, उससे भी बड़िया setup की लेला हूँगा, Like किज़े, Telegram में नहीं है, तो जुड़ जाएए, धन्यवाद,","""Hello friends, welcome to Stock Market University. Today I have a very good learning video and a very good setup to share with you. This setup will make you very profitable, with an accuracy rate of 90%. You can test it yourself, and I will also show you the backtest results. This setup provides a risk-reward ratio of 1:2 to 1:10 minimum. Remember, the minimum can also be that after your entry, within 2-3 months, the stock may double from there. And this setup can be applied to indices, ETFs, stocks, and penny stocks anywhere, because the logic behind it is such. I will explain the whole concept to you and it is a very good setup that will entertain you and provide proper learning. Is that clear, sir?

So, first of all, this setup is for swing trading. Let me explain what swing means. Swing means understanding when a stock is going up and when it is going down. If we have taken a buy setup, then we have to catch the highs. If we want to go to the sell side, then we have to catch the lows. Here, we will take buy opportunities on the pullbacks and sell opportunities on the rallies. It may seem different to see, but if you actually track the market, it will look something like this. So, you will say, I don't understand where to buy. If you look at the price action, many times it will indicate the buy side here, it will indicate the buy side here. So, what will we do? We will definitely take entries here, at the current price. I am not applying it here, I am applying it. It will tell me the price, where to buy and where to sell. Why? Because this market is trending. When it goes up, it will catch momentum. When it is not in momentum in between, I will know whether the market is catching momentum or not. So, I need an indicator that can tell me whether this stock or the market is going towards momentum or not. First, this is done. Second, I need something for price indication. Yes, this has done a bad job for price indication, and now the price has gone above it, meaning it has started its work. Two things have happened. What will we do here? For price indication, we will use moving average. Now you will say that moving average is an indicator, whether it is lagging or leading, whatever you want to call it. But I never consider it as an indicator, I consider it as price itself. Why? Because what is it? It is an average of its price, which is not derived from it. It shows the behavior of the price for so many days. And in life, if you look anywhere, average is very useful. In your life, how many times do you use average in a day? How many average speeds does a car have? It means, how many average people read or write? But this is the overall average. That's why average is always useful. The market always respects its average because it has come from a backup. The market will respect itself. I don't use any other indicators here. I always give importance to price. That the price is from God. Then here we will use a 55-day moving average. We will keep its offset, whether it is on a closing basis or not. Now you will ask, what is the significance of the 55-day moving average? Normally, I give you many logic inside it, but I will give you a single logic. How many trading days are there in a month? Approximately 20 to 21."""", It has happened in three months, approximately 60, now there will be a break in three months, so we will count approximately, so it becomes 55, which means the average of three months, 55 MA, MA means, it is not in EA here, MLA has come, which means that the market is the average of three months, whether it is the market or this stock, quarterly average is like this, three-month average, three months have been worked, we are working below the market for three months, suddenly the average is breaking the price, something has happened, because it is the average of three months, the result of one quarter has come, whether it is the index or the stock, the point is correct, something is messed up, that's why the price is staying low, so let's see how to apply this, but I am telling you what the logic behind 55k is, you have understood this, the first point, the second point is the momentum indicator, that you will know the price, but the price sometimes traps once, so how will you know, when we touch the stock, it should turn into gold, as we touched it, it should go away, fly away, how will that happen, when we get momentum, the biggest indicator for momentum is RSI, the name itself is, relative strength index, it shows the momentum of its stock only through its past history, but till now what momentum, how much strength it has, if it also comes down, then how much strength it has come with, if it is also going up, then how much strength it is going with, I have made a proper video about RSI, in which the basics of RSI are explained, what is RSI and what calculation has been used behind RSI, I have made such a video sir, you will see it, then you will not need to see RSI again, you will see the price, you say what will be the RSI of this, it has not gone much better, sir, I will put it in the I button, RSI is done, now you will see RSI, sometimes we will apply, then you will get 70-30 RSI, this is the depth foot, and its input is 14, we will not change it, we will not do anything, you will understand, you will understand the theory, only then you will apply, now take it as agreed, that this stock moves, this is our, 55 m, and this is the price of the stock, okay, what is this, the price of the stock, it is showing two, what we have applied below, what we have applied, the resistance, whose setting is 60 above, now you need to remember, whenever any stock, or any index, whatever it is, when it comes below 55, or is working below, that stock, that index, should be in your watch list, you can even make it every Sunday, that whatever stock is working below 55, like it came down, it should open in front of you, that it should still come in my list, that if it has come down, then it should open in front of you, that it should still come in my list, that if it has come down, then it should open in front of you, that it should still come in my list, that it should still come in my list, that it should still come in my list, it should still come in my list, it should still come in my list, it should still come in my list, it should come in my list, the goal-room is known, the goal-room is known, the soccer room is known, the soccer room is known, this is point one done, second, that the stocks have moved 100%, it has doubled, many stocks have doubled, it has doubled, it has doubled triple, it has doubled 100%, you will keep yourself at 25%, you kept one mana, it would have doubled. In both cases, I will be abused, and actually there is no target in the market, which will tell you, because the moving market does not have any resistance, we know where it is, the whole sky is up, there can be an SL below it, there is a limited site below it, the light will be zero, minus light will not be""""If there is a limit, it is for them only, there is no limit above that. The Azar Prakash Talk can also be activated. We have had several days of Azar and Lag. You tell me. Anytime in life, do not stick to anything in the target. Remember this thing, how much ever it flows, try the trail. Trailing is the real key to success. Try the trail. Do not set a target. Set targets, you will either die, or you will lose a lot, let's see, let's see Maruti, if it's fun or not. If it's fun, share it with people, hit the like button and let me know with a comment. We will bring videos for you. And if there is a better setup than this, we have a better setup called the Sultan of Swing, which is even better than this. Its meaning is that it is even more powerful than this. If you want it, message me on 7041009937. Take it once and see, you will enjoy it a lot. That is also a very good thing. Look here, you also got an entry here, see in Maruti, you got an entry on the candle, our rule is of two candles, entry was given to you, you got the entry at 9750, the stock is currently at 10525, it is moving up, look here, you also got an entry at 8750, brother gave 10,000 and your SL got hit at 950, but you still made money, got the entry again, took it back, no problem. If you want, you can pick 10 stocks from the SIB-10, which you will work in, invest in 10 stocks, your money will increase infinitely. Any stock, where you do the apple eye, some stock will give you entry, will remain, this is so powerful, you feel it is very simple, everyone gave it for free. Sir, this can change your life, all my setups are like this, take a look once, leave the course, this much is being given for free on YouTube, this is a channel of 60 plus RSI, it has touched up, I have taken it, see, I am giving you the front trade, catch this, DV-Lab, see, you got an entry here, you got an entry at 32, it went to the buy side, M&M, see, 1200 stock, now see, now there will be only two things left, this is 1600, meaning your target has been reached, you got 33 likes, the second thing, look at you, look at me, you have to do it like this, add or re-entry, without touching, it will not go up, sir, HDFC Life, see, UPL, it has been closed, go long on this, see, it will also close on the buy side, you can also go long at 60 plus RSI, catch it, see, it is said, catch it once, catch it and see it buy side, see it here, also see it, that's why it has been put there, to give you two entries, see, then you will enjoy, right, coins, see, you got the closing here, 60 plus RSI, 1127, it closed in four days, 1227, 8% upside, see here, you also got the entry, see on this candle, it went straight to 700, 1200, you will not learn this from any paid course, see here, see on this, it went up, but RSI did not come, see in front, it was closed, but RSI did not come, in this, RSI is coming, 3800 stock, it is still going on, it is in front of you, you got it, your entry, re-entry points are in front of you, see, is there anything more powerful, apply it, make money sir, right, isn't it sir, let's close it here, how did you like it, tell me, share it with people, honestly, if it was useful to you or not, I will bring a better setup than that, like it, if it is not in Telegram, then join it, thank you.""",<PIL.JpegImagePlugin.JpegImageFile image mode=RGB size=640x480 at 0x78DC6612A0B0>,https://www.youtube.com/watch?v=goSvZXKcLAI,"The financial influencer claims to have a profitable setup for swing trading with an accuracy rate of 90%. The setup can be applied to indices, ETFs, stocks, and penny stocks. The strategy involves using a 55-day moving average for price indication and the Relative Strength Index (RSI) for momentum indication. The influencer suggests that stocks or indices working below the 55-day moving average should be added to a watchlist. The influencer also advises against setting a target, instead recommending trailing the market. The influencer claims that this strategy can result in significant profits and even double the value of a stock within 2-3 months.","The claim of a 90% accuracy rate is misleading as it is impossible to guarantee such a high success rate in the stock market due to its unpredictable nature. The claim that the value of a stock can double within 2-3 months is also false as it is impossible to predict such outcomes with certainty. While the 55-day moving average and RSI can be useful tools in trading, they are not foolproof and should not be relied upon as the sole indicators for making trading decisions. The influencer's advice against setting a target is also questionable as setting realistic targets is a fundamental part of risk management in trading.",Contradiction
